"天沐旅店(西門館)","康定路32號","1990"
"龍蝦先生的秘密巢穴","重慶北路一段22號9樓","562"
"台北馥華南港館","三重路23號","2880"
"中山莉豪商旅","中山北路二段71號10樓","2728"
"老爺會館(台北林森館)","林森北路83號4樓","3640"
"191旅店","南京西路165號6樓","1780"
"西門町意舍","武昌街二段77號","3200"
"幸福旅店","成都路66號","2000"
"一加一旅館","昆明街34號3樓","1400"
"高絲旅(漢口館)","漢口街二段54號1樓","2499"
"台北日記旅店","中華路一段152號5樓","2580"
"慶爾喜旅館","漢口街二段74巷2之1號",""
"長虹大飯店","漢中街36號","1880"
"愛客發(西門館)","成都路135號","1980"
"高絲旅(西寧館)","西寧南路36號9樓之1","2380"
"函舍旅館","成都路68號","2580"
"古奈堡旅店","成都路27巷10號5樓","2100"
"西門星辰","峨眉街72號","1780"
"璞麗商旅(西門店)","成都路27巷6號(西門捷運站6號出口)","2280"
"明日大飯店","成都路23號","2280"
"信星青年旅館","華陰街50號4樓","620"
"東吳大飯店","延平北路二段258號","2800"
"獅城大飯店","華陰街179號6樓","1480"
"台北日記旅店(中華二館)","中華路一段90號3樓","2380"
"愛客發(萬年館)","西寧南路70號6樓","2280"
"班客旅店","廣州街247號","2860"
"龍山商旅","西園路一段125巷13之1號","1350"
"三隻老虎青年旅館","康定路25巷39號3樓","2500"
"台北漫步青年旅店","成都路163號","550"
"晶璽商旅","信義路四段468號3樓","3000"
"豪麗旺商務旅館","基隆路二段15之2號","3480"
"太平洋商旅","光復南路495號11樓","4730"
"誠品行旅","菸廠路98號","7168"
"星美休閒飯店","前港街38之1號","2988"
"丹迪旅店(天母店)","中山北路六段728巷2號","2400"
"台北商旅官邸別館","文林路102號","3399"
"陽明山中國麗緻大飯店","格致路237號","8800"
"泉都溫泉旅館","光明路220號","2400"
"天玥泉會館","中山路3號","3720"
"途中台北國際青年旅舍","光明路82號","600"
"山樂溫泉","泉源路1巷17號","2800"
"樺舍商旅","中央北路三段53巷1號","2900"
"法皇商務飯店","重陽路122號","2240"
"意芙旅店","延平北路2段195號之2","2080"
"城市商旅-南西館","南京西路169號","2988"
"璞麗(台北車站店)","華陰街46號3樓","1650"
"賓王時尚旅店","南京西路163號3F","1680"
"久居棧旅店","延平北路二段255號2樓","1700"
"蘭庭商務旅店","太原路64號","1840"
"新客來旅店","南京西路151號6之12樓","1790"
"西悠飯店","民生西路198號","800"
"台北馥華(松江館)","一江街3號","3250"
"澄舍商旅","南京東路二段11號4樓","1900"
"尤利西斯旅店","華陰街28號","1920"
"長富時尚旅店","長春路56號","2580"
"俐仕飯店","林森北路107巷16號","2680"
"優美飯店","民生東路一段28號","2629"
"六福居","南京東路一段38號","5198"
"雀客旅館","松江路253號","2900"
"國宣大飯店","錦州街10號","1580"
"儷萊商旅","中華路一段21號","2180"
"新驛旅店(站前一館)","懷寧街7號","1920"
"方舟旅店","信義路二段255號","2380"
"力歐(站前館)","延平南路9號","1120"
"新站旅店","忠孝西路一段72號5樓","2250"
"儷夏商旅","中華路一段90號6樓","1962"
"洛碁中華大飯店","中華路一段41號13樓","2680"
"皇家飯店","懷寧街5號之1","1780"
"貝殼窩青年旅舍","懷寧街84號","660"
"台北西門窩青年旅館","漢中街42號8樓","550"
"旅樂序(站前一館)","館前路8號11樓","4500"
"謙商旅(東門館)","信義路二段163號3樓","2950"
"和昌商旅(站前館)","重慶南路一段18號","1980"
"敘美精品旅店","重慶南路一段111號","2300"
"星辰大飯店","金山南路一段80號","2380"
"和逸台北(忠孝館)","忠孝東路一段31號","8470"
"阿羅國際旅館","忠孝西路一段50號22樓之2","690"
"東門旅店","臨沂街76號2樓","660"
"品格子旅店","公園路13號10樓","699"
"璞邸旅店","重慶南路一段7號","940"
"台北綠蒂大飯店","新生北路三段56巷14號","2702"
"洛碁山水閣飯店","中山北路二段181號","2500"
"世聯商旅","松江路90巷5號1之7樓","2850"
"密都大飯店","長春路246號","2193"
"RF 比堤商旅","建國北路二段93號","2795"
"天閣酒店(南西店)","南京西路3號","3700"
"詠心商旅","復興北路282號3樓","1760"
"舞衣新宿(中山館)","中山北路一段105巷15號","4800"
"圓山大飯店","中山北路四段1號","4299"
"艾米旅店","中山北路二段65巷2弄3號","500"
"洛碁商旅(建北館)","建國北路一段140號","3940"
"丰居旅店(雙連館)","民生東路一段42號2樓","2680"
"舞衣新宿(南京館)","南京東路二段163號","2280"
"台北和璞飯店","樂群三路123號","3400"
"柯達大飯店(松江店)","松江路251號","3365"
"新驛旅店(復興北路館)","復興北路338號","2080"
"洛碁富麗安飯店","松江路95之1號5樓","1496"
"伸適商旅","林森北路477號","4199"
"香都大飯店","長安東路一段52號","2100"
"台北馥華(敦北館)","敦化北路4巷52號","2600"
"城市商旅(南東館)","南京東路五段411號","3299"
"幸福戀人旅館","八德路四段626號3樓","1380"
"首都(小巨蛋館)","南京東路四段55-1號","3000"
"首都大飯店(松山館)","八德路四段658號","3445"
"天閣酒店(復興店)","復興北路147號","4935"
"南京小公館","南京東路五段399號5樓","780"
"福容台北","建國南路一段266號","4840"
"松哖酒店","仁愛路三段8號","4200"
"富裕自由商旅","忠孝東路四段235號3樓","2150"
"丹迪旅店(大安森林公園店)","信義路三段33號","2520"
"凱統飯店","忠孝東路三段8號","1980"
"洛碁背包客棧","忠孝東路四段107號7樓","650"
"東鑫商務旅館","忠孝東路四段209號11樓","1680"
"香城大飯店","信義路四段295號","3120"
"麗都飯店","信義路三段11號","2900"
"頭等艙飯店","中華路一段144號8樓","2700"
"福泰桔子(西門店)","中華路一段166之2","2880"
"丰居旅店","中華路一段114巷17號2樓","2680"
"東驛商旅","昆明街76號8-9樓","1680"
"銀河mini旅店","漢中街147巷6號","1600"
"沐藍棧渡假民宿","台北 石門區德茂村八甲路1號3樓","2300"
"阿里磅生態農場","台北 石門區乾華村阿里磅82之1號","1350"
"三芝小白屋","台北 三芝區芝柏路35號","5800"
"三芝寄居蟹","台北 三芝區淡金路一段","2500"
"悠閒時光度假會所","台北 三芝區淺水灣","3000"
"LaCasa嘴嘴的家民宿","台北 三芝區芝柏山莊觀海街3號","1500"
"藝術之家民宿","台北 三芝區迎旭街22號","1500"
"虹橋民宿","台北 三芝區八賢村1鄰八連溪1之5號","1980"
"牧羊女海邊民宿","台北 三芝區後厝村北勢子45之15號2樓","2600"
"杉夏精品民宿","台北 三芝區古庄村5鄰四棧橋36之1號","1980"
"塔卡的家民宿","台北 三芝區芝柏五街18號","1600"
"隨喻而安","台北 三芝區晴光街11號","2500"
"快樂天堂","台北 三芝區後厝里北勢子4-20號","1999"
"一畝田民宿","台北 三芝區茂長村陳厝坑19之2號","1980"
"四個孩子民宿","台北 三芝區茂長村芝柏路85號","1300"
"三芝洋房","台北 三芝區迎旭街13號","7800"
"淺水灣小旅店","台北 三芝區北勢子45-12號","11800"
"櫻芝戀","台北 三芝區淡金路一段","2000"
"宰相會館","台北 淡水區英專路79巷2號","1500"
"花田居","台北 淡水區石頭厝2之3號","600"
"漁人碼頭休閒旅館","台北 淡水區中正路二段22巷8號","2310"
"大自然養生會館","台北 淡水區淡金路一段96號","2660"
"歐朋侖旅店","台北 淡水區中山路93號9樓","1980"
"福容大飯店(淡水漁人碼頭)","台北 淡水區觀海路83號","10800"
"淡水日光行館民宿","台北 淡水區忠寮里破瓦厝子12號","5000"
"湯語雙泉民宿","台北 金山區環金路295號","2800"
"綠峰山莊","台北 金山區重和里三重橋22號","2100"
"劉住春天","台北 金山區名流路10巷11號","2500"
"陽明山天籟渡假酒店","台北 金山區重和里名流路1之7號","7800"
"陽明山出霧溫泉","台北 金山區山城路82之3號","8800"
"張醫師的家","台北 金山區中信南路二巷11號","10000"
"水田園農莊","台北 萬里區大鵬村加投路45之2號","1650"
"緹閣溫泉會館","台北 萬里區員潭路55號","2660"
"沐舍溫泉酒店","台北 萬里區萬里加投166之1號","3900"
"金湧泉溫泉會館","台北 萬里區萬里加投213之3號","3170"
"金湯溫泉會館","台北 萬里區大鵬里萬里加投路197之5號","2850"
"憩園民宿","台北 萬里區北基村愛二街24號","1500"
"海華休閒別墅","台北 萬里區龜吼村玉田路52號","2380"
"自然山居","台北 萬里區磺潭村員潭16之9號","1800"
"萬金溫泉民宿","台北 萬里區萬里加投45之6號","2160"
"悠然居民宿","台北 瑞芳區汽車路76號","1600"
"馬克村莊","台北 瑞芳區汽車路86號","400"
"九份阿源的家","台北 瑞芳區輕便路13號","2600"
"瑞芳橙橙民宿","台北 瑞芳區中正路10號2樓","1800"
"櫻沐居","台北 瑞芳區輕便路95號","2980"
"九份蘭櫻居","台北 瑞芳區汽車路9之14號","1980"
"途中‧九份","台北 瑞芳區烏勢巷23號","600"
"望幽谷民宿","台北 瑞芳區汽車路108之3號","1500"
"九份景棧民宿","台北 瑞芳區汽車路29號","1900"
"九份峇里民宿","台北 瑞芳區汽車路115號","1500"
"我們的家187","台北 瑞芳區山尖路187號","3800"
"緩慢金瓜石","台北 瑞芳區金瓜石石山里山尖路93-1號","3200"
"涵館民宿","台北 瑞芳區輕便路282號","2500"
"老舍民宿","台北 瑞芳區街頂巷20號","2200"
"利未莊園","台北 瑞芳區山尖路97號","2000"
"九份風之谷","台北 瑞芳區頌德里石崁巷23號","2900"
"金瓜石101","台北 瑞芳區金瓜石祈堂路101號","2500"
"A-HOME","台北 瑞芳區崙頂路55號","3200"
"依谷日安民宿","台北 瑞芳區金光路160號","3600"
"一直是晴天","台北 瑞芳區建基路二段9號","3300"
"山茶雅舍","台北 瑞芳區福住里基山街241號(九份老街尾)","3400"
"陽光味宿","台北 瑞芳區豎崎路56號","1800"
"八番坑&41民宿","台北 瑞芳區石埤巷41號","2000"
"九份未眠者花園民宿","台北 瑞芳區石埤巷78號","2300"
"五番坑公園堡","台北 瑞芳區基山街204號","1000"
"九份綠光","台北 瑞芳區輕便路320號","2000"
"溫莎堡香草庭院","台北 瑞芳區基山街62號","2600"
"九份岩屋","台北 瑞芳區崙頂路55號","2800"
"御華山莊民宿","台北 瑞芳區八號巷23號","2700"
"愛的物語民宿","台北 瑞芳區基山街190號","2900"
"水映藍天民宿","台北 瑞芳區坑尾巷23號","2000"
"九份方來民宿","台北 瑞芳區九份汽車路24號","1200"
"輕便露民宿","台北 瑞芳區輕便路117號","1200"
"日光涵館民宿","台北 瑞芳區基山街198及200號","3400"
"麗景民宿","台北 瑞芳區輕便路93號3樓","1200"
"雲山水小築","台北 瑞芳區山尖路72之1號","3000"
"緣憶民宿","台北 瑞芳區烏勢巷52號","450"
"熱門民宿","台北 瑞芳區街頂巷37號","1600"
"金瓜石藝棧","台北 瑞芳區山尖路2號","5250"
"九份風箏博物館民宿","台北 瑞芳區坑尾巷20號","1400"
"九份施家民宿","台北 瑞芳區基山街106-3號","1500"
"龍門客棧","台北 瑞芳區崙頂路110號","1500"
"綠野村山莊民宿","台北 瑞芳區坑子內路20之6號","2700"
"阿香姨民宿","台北 瑞芳區汽車路7號","800"
"九份喜來園","台北 瑞芳區汽車路9之13號","3100"
"九重町","台北 瑞芳區基山街29號","2700"
"悅山海","台北 瑞芳區崙頂路103號","1500"
"九份觀海樓民宿","台北 瑞芳區基山街183之1號(172號)","1300"
"九份李老師的家民宿","台北 瑞芳區崙頂路59號","1800"
"柳園民宿","台北 瑞芳區基山街237號","2400"
"石山水禪民宿","台北 瑞芳區山尖路54號","2400"
"九份高媽媽民宿","台北 瑞芳區汽車路7之5號","1400"
"Amour扮家家","台北 瑞芳區明燈路一段45巷(台電變電所附近)","2300"
"慢時光民宿","台北 瑞芳區祈堂路160號",""
"九份見晴民宿","台北 瑞芳區汽車路9之12號","2480"
"九份愉園","台北 瑞芳區民權街鐵路巷1之1號","2000"
"月河民宿","台北 瑞芳區金瓜石銅山里祈堂路130號","1500"
"陶紅舍","台北 瑞芳區洞頂路159號","2880"
"九份B&B民宿","台北 瑞芳區九份坑尾巷30號","2000"
"朵拉民宿","台北 瑞芳區基山街","2800"
"Sea Cafe","台北 瑞芳區水湳洞明里路208號","2380"
"美好時光","台北 瑞芳區崙頂路39-2號","2800"
"九份金瓜石散散步","台北 瑞芳區祈堂路110號","2800"
"閒晃(金瓜石館)","台北 瑞芳區金瓜石山尖路173號","2660"
"九份輝明民宿","台北 瑞芳區汽車路35之1號","1500"
"莉塔屋","台北 瑞芳區汽車路35號","1500"
"九份小町民宿","台北 瑞芳區永慶里崙頂路70號","2400"
"九份惠風民宿","台北 瑞芳區崇文里頂巷41號","2400"
"記憶九份","台北 瑞芳區頌德里豎崎路8號","2800"
"小角落","台北 瑞芳區坑尾巷1號","785"
"林園村莊","台北 瑞芳區瑞芳區佛堂巷63號","1680"
"九份岑品民宿","台北 瑞芳區烏勢巷81號","1991"
"北海道民宿","台北 平溪區白石村白石腳1號","1500"
"十分懷念民宿","台北 平溪區十分街58巷14號","1800"
"山水清民宿","台北 平溪區嶺腳里四鄰57號一樓","600"
"莊媽媽民宿","台北 平溪區嶺腳村65號","1200"
"牡丹清境民宿","台北 雙溪區三貂村定福11號","4500"
"良辰美瑾","台北 雙溪區上林里內平林60號之5","2200"
"幸福民宿","台北 雙溪區太平路77號1樓","1800"
"登雲自然民宿","台北 雙溪區東榮街8巷8號","2300"
"雙禾民宿","台北 雙溪區漁行村坤溪23號","2000"
"山明水舍","台北 雙溪區外柑村田寮9號","700"
"山中威尼斯","台北 雙溪區新基里新基東街7之1號","2280"
"地球人戶外休閒家","台北 貢寮區福隆街16號","1200"
"百美民宿","台北 貢寮區福連村福興街6號","1400"
"三才靈芝農場民宿","台北 石碇區中民村18重溪52之1號","1290"
"迷你谷渡假民宿","台北 烏來區烏來里啦卡路20號","3100"
"龍門溫泉民宿","台北 烏來區烏來村溫泉街116號","2300"
"揚悅(烏來館)","台北 烏來區烏來街6號","2400"
"飄雲古舍","台北 三峽區竹崙里三層坪路14號","2200"
"福容大飯店(三鶯)","台北 三峽區大學路63號","4600"
"花岩山林民宿","台北 三峽區有木里有木104之1號","3200"
"阿桂的家","台北 三峽區金圳里金敏52-1號","2400"
"都瑪斯民宿","苗栗縣 泰安鄉梅園村梅園一鄰27號","1000"
"土牧驛健康農莊","苗栗縣 泰安鄉八卦村4鄰59之3號","3000"
"湯唯民宿","苗栗縣 泰安鄉錦水村橫龍山72-2號","4000"
"楚留香民宿","苗栗縣 泰安鄉清安村洗水坑114號","1398"
"天然居","苗栗縣 泰安鄉清安村3鄰小南角20號","1800"
"友泰民宿溫泉館","苗栗縣 泰安鄉錦水村圓墩46-2號","1800"
"達拉灣民宿","苗栗縣 泰安鄉士林村馬那邦5鄰32之1號","2000"
"ㄠ嶩民宿","苗栗縣 泰安鄉梅園村2鄰23號","1380"
"泰雅風情","苗栗縣 泰安鄉錦水村4鄰圓墩5號","1500"
"李子園民宿","苗栗縣 泰安鄉象鼻村象鼻39-5號","500"
"幸福綠光民宿","苗栗縣 南庄鄉南江村小東河17之3號","3000"
"栗田庄","苗栗縣 南庄鄉南江村小東河17之2號","2560"
"翡翠別館","苗栗縣 南庄鄉員林村15鄰屯營68號","38800"
"左岸LED庭園","苗栗縣 南庄鄉東河村東興新邨1鄰176號","2200"
"普羅旺斯民宿","苗栗縣 南庄鄉蓬萊村9鄰42份8之35號","3150"
"米堤山莊","苗栗縣 南庄鄉南江村里金館40號","1900"
"藝欣山莊","苗栗縣 南庄鄉東村16鄰240號","1750"
"鳳櫻","苗栗縣 南庄鄉蓬萊村9鄰42份8之9號","2100"
"星宿景觀咖啡民宿","苗栗縣 南庄鄉蓬萊村四鄰53之1號","2000"
"桐顏桐雨花漾會館","苗栗縣 南庄鄉蓬萊村42份8-18號","3800"
"山行寄野","苗栗縣 南庄鄉東河村12鄰25之1號","3300"
"橄欖樹咖啡民宿","苗栗縣 南庄鄉蓬萊村九鄰42份7之6號","2600"
"八卦力渡假村","苗栗縣 南庄鄉蓬萊村八卦力25之1號","1920"
"力新小築民宿","苗栗縣 南庄鄉南江村5鄰東江100號","1600"
"紅磚屋特色民宿","苗栗縣 南庄鄉南江村里金館32之3號","2380"
"里京館","苗栗縣 南庄鄉南江村里金館33號","2100"
"宜家園","苗栗縣 南庄鄉南江村小東河1之1號","1600"
"杉林松境","苗栗縣 南庄鄉東河村橫屏背26號","1960"
"容園谷景觀山莊","苗栗縣 南庄鄉蓬萊村18鄰17號","2000"
"玉荷園","苗栗縣 南庄鄉東河村中正路242號","2240"
"水雲間","苗栗縣 南庄鄉東河村六隘寮23號","2000"
"源寶山莊","苗栗縣 南庄鄉南江村19鄰南江2號","1600"
"山居蘭園","苗栗縣 南庄鄉南富村四灣77-1號","2000"
"百合山莊","苗栗縣 南庄鄉南江村17鄰福南50號","3200"
"南江璞園","苗栗縣 南庄鄉南江村3鄰東江31之8號","1600"
"眉山居","苗栗縣 南庄鄉田美村106號","2000"
"李家莊","苗栗縣 南庄鄉東河村橫屏背22號","1600"
"南庄晶華","苗栗縣 南庄鄉蓬萊村9鄰42份7號之3","2800"
"山林雅境總統民宿","苗栗縣 南庄鄉田美村12鄰1號","2904"
"向天湖咖啡民宿","苗栗縣 南庄鄉向天湖16鄰26號","2080"
"好山好水木屋民宿","苗栗縣 南庄鄉蓬萊村4鄰53號","2800"
"小哥的家","苗栗縣 南庄鄉南江村石坑3之2號","1500"
"譚家園","苗栗縣 南庄鄉田美村田美23之7號","15800"
"高山青民宿","苗栗縣 南庄鄉蓬萊村14鄰大湳30號","1600"
"景舍民宿休閒山莊","苗栗縣 南庄鄉蓬萊村9鄰42分8之17號","2200"
"伴月民宿","苗栗縣 南庄鄉蓬萊村紅毛館68之1號","12000"
"毓琇圖書山莊","苗栗縣 南庄鄉南江村里金館35號","1650"
"北獅樓","苗栗縣 南庄鄉蓬萊村紅毛館45號","1760"
"松緣民宿","苗栗縣 南庄鄉田美村田美22之22號","12000"
"逗號民宿","苗栗縣 南庄鄉南江村17鄰福南58號","3300"
"富川花園民宿","苗栗縣 南庄鄉環清路36號","2660"
"水岸明珠","苗栗縣 南庄鄉西村大屋坑32之5號","2900"
"加州莊園","苗栗縣 南庄鄉蓬萊村42份8之39號","2800"
"侑橘休閒農園","苗栗縣 三灣鄉永和村北坑12-1號","2000"
"神棹仙境民宿","苗栗縣 三灣鄉大河村神棹山20號","1200"
"八角居所民宿","苗栗縣 獅潭鄉新豐村八角坑2之1號","7000"
"月桂冠花園農莊","苗栗縣 獅潭鄉苗栗縣獅潭鄉新店村4鄰46之5號","2900"
"桂橘園","苗栗縣 獅潭鄉永興村3鄰16-7號","1920"
"七里香民宿","苗栗縣 獅潭鄉竹木村4鄰北庄8號","1280"
"福村養生農場","苗栗縣 公館鄉福德村1鄰7之1號","2000"
"皇家民宿","苗栗縣 公館鄉館南村10鄰265之1號","1200"
"攬月莊民宿","苗栗縣 公館鄉福德村福德35之2號","2400"
"油桐花坊","苗栗縣 公館鄉福德村打鹿坑福德35-3號","6800"
"夢松園","苗栗縣 公館鄉仁安村15鄰220-2號","2000"
"My Home 51-6","苗栗縣 公館鄉福星村2鄰51之6號","2800"
"鹿野觀雲民宿","苗栗縣 公館鄉福德村福德35-11號","2100"
"柿子紅了","苗栗縣 公館鄉福德村福德21號","1600"
"綠風山莊","苗栗縣 公館鄉福德村4鄰福德36之21號","2500"
"摘星樓","苗栗縣 公館鄉福德村福德35之6號","2100"
"慕農客民宿","苗栗縣 公館鄉開礦村1鄰22之10號","3280"
"翠松苑盆栽民宿","苗栗縣 通霄鎮南和里127-1號","1440"
"如意園民宿","苗栗縣 通霄鎮福興里4鄰33之9號","1000"
"好望角民宿","苗栗縣 通霄鎮福興里11鄰126-3號","1280"
"長屋民宿","苗栗縣 通霄鎮福興里8鄰88-8號","2400"
"楓葉地圖","苗栗縣 大湖鄉東興村上湖70號","3920"
"巧克力雲莊","苗栗縣 大湖鄉富興村水尾坪49之2號","4950"
"石風渡假城堡","苗栗縣 大湖鄉富興村6鄰水尾5-10號","5880"
"錦雲山莊","苗栗縣 大湖鄉東興村上湖86號","2000"
"山水居","苗栗縣 大湖鄉栗林村佛陀山路5-3號","1980"
"菊園客家庄民宿","苗栗縣 大湖鄉栗林村薑麻園13號","1500"
"湖畔花時間","苗栗縣 大湖鄉義和村淋漓坪126號","3000"
"雲莊空間密碼","苗栗縣 大湖鄉富興村水尾坪49之20號","4950"
"慈夢柔渡假會館","苗栗縣 大湖鄉富興村八寮灣1之10號","3588"
"湯神溫泉會館","苗栗縣 大湖鄉大寮村大窩1-10號","3300"
"太湖溫泉休閒農場","苗栗縣 大湖鄉大寮村草崠21號","2400"
"馨享士宸","苗栗縣 大湖鄉新開村十份11-1號","3600"
"石門客棧休閒農場","苗栗縣 大湖鄉栗林村竹橋20號","2000"
"勻淨湖民宿","苗栗縣 大湖鄉新開村新開70之2號","9520"
"岸之溪 休閒會館","苗栗縣 大湖鄉富興村砲石14之20號","3600"
"Vilavilla夢奇地","苗栗縣 卓蘭鎮西坪里3鄰西坪33之1號","8640"
"金葉山莊","苗栗縣 卓蘭鎮豐田里豐田185號","2200"
"自然風情民宿","苗栗縣 卓蘭鎮西坪里西坪134之7號","4080"
"岩川","苗栗縣 卓蘭鎮景山里63之1號","2800"
"花自在食宿館","苗栗縣 卓蘭鎮西坪里4鄰37-2號","8000"
"17號草堂","苗栗縣 卓蘭鎮西坪里109-17號","2400"
"花露精油城堡","苗栗縣 卓蘭鎮西坪里西坪43-3號","3880"
"福軒養生館","苗栗縣 三義鄉雙潭村雙連潭155號","2800"
"峯州小木屋","苗栗縣 三義鄉龍騰村龍騰6之7號","1800"
"雲洞山莊","苗栗縣 三義鄉雙潭村崩山下16鄰45號","2300"
"向陽田園","苗栗縣 三義鄉龍騰村9之5號","1500"
"石濤園","苗栗縣 三義鄉雙潭村12鄰石峎32號","500"
"櫻花渡假會館","苗栗縣 三義鄉廣盛村41鄰八股路館前8巷1之18號","2200"
"綠波浪森林會館","苗栗縣 三義鄉龍騰村龍騰3之6號","2000"
"福田瓦舍","苗栗縣 三義鄉龍騰村1鄰龍騰26號","1600"
"喆娟夢田民宿","苗栗縣 三義鄉龍騰村9之1號","3420"
"卓也小屋","苗栗縣 三義鄉雙潭村崩山下1之9號","2600"
"山板樵","苗栗縣 三義鄉雙連潭138號","1500"
"慕哲哈比屋","苗栗縣 三義鄉廣盛村重河路324之12號","2240"
"炭鄉八八","苗栗縣 三義鄉雙湖村大坑88號","2200"
"三義薄霧館","苗栗縣 三義鄉廣盛村八股路館前8巷1之2號","1800"
"三義甘丹民宿","苗栗縣 三義鄉雙湖村15鄰雙湖7之11號","1500"
"逸悅山莊","苗栗縣 三義鄉雙潭村崩山下9之1號","2800"
"馨雅民宿","苗栗縣 三義鄉廣盛村廣聲新城21號","2000"
"東里家風民宿","苗栗縣 苑裡鎮苑坑里2鄰8號","2000"
"奇異果(中正店)","台中市 中區臺灣大道一段441號","1480"
"博奇大飯店","台中市 中區雙十路一段5號","1780"
"塔木德(中山館)","台中市 中區中山路175巷15號","1800"
"雲端商務旅館","台中市 中區公園路36號","2400"
"星悅大飯店","台中市 中區繼光街123號","1350"
"綠柳町文旅","台中市 中區中山路55號","1900"
"達欣商務精品飯店","台中市 中區建國路180號","1400"
"過來旅店","台中市 中區市府路101號","1580"
"寶島53行館","台中市 中區中山路27號","4000"
"紅點文旅","台中市 中區民族路206號","4300"
"巧合大飯店","台中市 中區建國路163號","1880"
"豪宮大飯店","台中市 中區光復路115號","980"
"慕戀商旅","台中市 中區光復路42之3號","692"
"背包41青年旅館(台中館)","台中市 中區繼光街59號","410"
"台中富信大飯店","台中市 中區市府路14號","2280"
"薇米商旅","台中市 中區繼光街166號","1488"
"奇異果(成功店)","台中市 中區成功路165號","1580"
"新驛旅店(台中)","台中市 東區復興路四段133號","1600"
"企業家大飯店","台中市 東區和平街160號","1600"
"米卡沙旅店","台中市 東區復興路四段149巷5弄8號","1350"
"雙星大飯店","台中市 東區復興路四段158號","1700"
"城市商旅(台中館)","台中市 西區五權路1之23號","2088"
"昭盛52行館","台中市 西區忠明路52號","2925"
"中港大飯店","台中市 西區台灣大道一段709號","1000"
"愛萊時尚旅館","台中市 西區五權路2之55號","3000"
"奇異果(站前二館)","台中市 西區綠川西街29號","550"
"創意時尚飯店","台中市 北區五權路334號","1480"
"悦棧酒店","台中市 西屯區市政路480號","3680"
"逢甲商旅","台中市 西屯區西屯路二段275之2號","2800"
"台中商旅","台中市 西屯區臺灣大道三段593號","3800"
"文華道會館","台中市 西屯區文華路138巷31號","2250"
"葉綠宿旅館","台中市 西屯區西屯路二段287號","1500"
"Hotel 7 逢甲","台中市 西屯區福星北路45號","2400"
"默砌旅店","台中市 西屯區漢翔北街51號","2500"
"水雲端","台中市 西屯區青海南街159號","2980"
"塔木德(原德館)","台中市 西屯區西屯路二段200號","2240"
"星享道酒店","台中市 西屯區福星北路18號","3380"
"碧根行館","台中市 西屯區福星路427號","2800"
"柯旅天閣(台中店)","台中市 南屯區大墩路525號","3099"
"黎客商旅","台中市 南屯區至善路234巷16號","3600"
"日光溫泉會館","台中市 北屯區東山路二段光西巷78號","3200"
"酒桶山","台中市 太平區東汴里山田路長青巷26號","3080"
"雅筑民宿","台中市 龍井區遠東街207巷11號","650"
"史迪奇","台中市 龍井區遠東街81巷3弄1號","1100"
"踢生活背包客棧","台中市 龍井區新興路27巷10號","450"
"紅磚小屋","台中市 外埔區大東村甲后路636號","1300"
"鳳凰山民宿","台中市 后里區仁里村圳寮路47巷7號","1500"
"小田田民宿","台中市 后里區眉山里三月路3之1號","2000"
"綠森林民宿","台中市 東勢區東蘭路197之75號","2310"
"昭月民宿","台中市 東勢區慶福里慶福街39號","2500"
"山頂上民宿","台中市 東勢區東蘭路197-57號","1600"
"秀禾宇庭","台中市 東勢區東關路306-14號","1800"
"慧千園民宿","台中市 石岡區龍興村萬仙街仙塘坪巷20號之1","1800"
"五福加持民宿","台中市 石岡區龍興村岡仙巷2之2號","1500"
"流星花園","台中市 豐原區水源路坪頂巷8號","1920"
"情人谷民宿","台中市 豐原區東陽里東陽路清谷巷1號","2000"
"木佃軒民宿","台中市 新社區中和街一段6巷9號","3000"
"荷蘭風情民宿","台中市 新社區協成村華豐街59號","1800"
"天籟園民宿","台中市 新社區永源里中和街一段6巷18號","2000"
"花田民宿","台中市 新社區大南里興中街17之6號","2000"
"胡明月山房","台中市 新社區中興嶺363-168號","2000"
"香草House民宿","台中市 新社區中和里中興街20號","2800"
"月湖老家","台中市 新社區月湖里6鄰新居街68號","2200"
"森之王子","台中市 新社區永源里井南街28號","2500"
"無塵民宿","台中市 新社區永源村中和街一段山腳巷20-2號","2200"
"新社幸福農莊","台中市 新社區中和村龍安街21之3號","1500"
"喬木民宿","台中市 新社區復盛里中和街三段30之1號","1960"
"橄欖樹民宿","台中市 新社區協成村南華街31號","3300"
"梅林親水岸度假中心","台中市 新社區協成村南華街28-1號","2000"
"佳園民宿","台中市 新社區協成村協中街189之2號","1800"
"若茵農場","台中市 和平區中坑村雪山路1號","2880"
"馬告的傳奇","台中市 和平區博愛里東關路一段裡冷巷5-8號","2000"
"松柏星宿","台中市 和平區梨山里中正路6號","3000"
"耘拓園","台中市 和平區中坑里北坑巷13-1號","1200"
"谷關溫泉養生會館","台中市 和平區東關路一段188號","4200"
"景雅民宿","台中市 和平區中坑里雪山路出雲巷15號","1950"
"谷野會館","台中市 和平區東關路一段裡冷巷37號","4500"
"出雲山莊","台中市 和平區中坑里雪山路出雲巷21之2號","1584"
"佳園民宿","南投縣 埔里鎮桃米里桃米巷6之8號","1900"
"微笑58","南投縣 埔里鎮水頭里興隆巷58號","3000"
"茉莉民宿","南投縣 埔里鎮同聲里三鄰忠孝路23號","1500"
"蛙堡","南投縣 埔里鎮桃米里桃米巷4號","1600"
"桃米5211會館","南投縣 埔里鎮桃米巷52之11號","1600"
"熊麋鹿了","南投縣 埔里鎮桃米巷5之8號","2800"
"草本生活家","南投縣 埔里鎮桃米里桃米巷67之5號","2520"
"歐莉葉荷城堡","南投縣 埔里鎮蜈蚣里鯉魚一巷27號","9800"
"享森活","南投縣 埔里鎮信義路335巷5號","1500"
"埔里小鎮","南投縣 埔里鎮北平街209號","1240"
"書法之家民宿","南投縣 埔里鎮溪南里水墻巷7之2號","2100"
"綠莊飛閣渡假會館","南投縣 埔里鎮水頭里東潤路52之6號","4550"
"月牙莊民宿","南投縣 埔里鎮枇杷里中心路26之3號","3220"
"三茅屋民宿","南投縣 埔里鎮桃米里桃米巷5之6號","1800"
"眉溪曉莊","南投縣 埔里鎮守城路2-5號","2800"
"水月山莊","南投縣 埔里鎮南村里桃南路5號","2400"
"水田衣＆藍屋頂","南投縣 埔里鎮水頭里水頭路77號","1600"
"戲綠川","南投縣 埔里鎮水頭里南環路389號","1600"
"水鄉Villa","南投縣 埔里鎮牛眠里內埔路15-5號","3900"
"埔中城","南投縣 埔里鎮溪南里新生路148-5號","1800"
"闕麒景觀民宿","南投縣 埔里鎮水頭里東潤路31號","1800"
"牛耳藝術渡假村","南投縣 埔里鎮中山路四段1號","2800"
"水水春耘民宿","南投縣 埔里鎮雙吉路39之9號","1750"
"台一生態休閒農場","南投縣 埔里鎮蜈蚣里中山路一段176號","2520"
"成龍山莊","南投縣 埔里鎮廣成里覆金路20之1號","1900"
"歐香渡假民宿","南投縣 埔里鎮桃米里桃米巷6-6號","1800"
"松濤園","南投縣 埔里鎮溪南里水墻巷25號","2200"
"石上清泉","南投縣 埔里鎮桃米里桃米路39號","1500"
"紅瓦厝山居民宿","南投縣 埔里鎮桃米里種瓜路52號","2800"
"七里山瑭","南投縣 埔里鎮鯉魚路23號","2000"
"慧來農莊","南投縣 埔里鎮桃米里桃米巷2-1號","1600"
"龍山泉休閒民宿","南投縣 埔里鎮東峰路7-12號","1960"
"夢享家民宿","南投縣 埔里鎮大城里大同街47號","1200"
"稻湘村渡假民宿","南投縣 埔里鎮桃米里桃米巷9-3號","2000"
"禾風鄉村民宿","南投縣 埔里鎮珠格里珠生路6-6號","550"
"漾之谷溫泉民宿","南投縣 埔里鎮蜈蚣里中山路一段151號","3300"
"湖濱小棧民宿","南投縣 埔里鎮蜈蚣里鯉魚二巷18號","700"
"花香鳥語民宿","南投縣 埔里鎮廣成里西安路3段5號","1300"
"上林園生態民宿","南投縣 埔里鎮向善里向善路1巷33號","2500"
"巧克拉提民宿","南投縣 埔里鎮大城里大同街6號","2000"
"八方休閒山莊","南投縣 埔里鎮廣成里西安路三段40號","2000"
"若瑟桃米民宿","南投縣 埔里鎮桃米里桃米巷59號","1600"
"松景農莊","南投縣 埔里鎮大湳里大湳路111號","1500"
"埔里星月心民宿","南投縣 埔里鎮中山路一段425號","1800"
"箱根溫泉生活館","南投縣 埔里鎮中山路一段62號","2440"
"自在居","南投縣 埔里鎮南昌街280號","1600"
"翡翠山莊","南投縣 埔里鎮合成里北村路81號","10500"
"聖多羅咖啡民宿","南投縣 埔里鎮桃南路9-2號","1800"
"麗屋和風渡假山莊","南投縣 埔里鎮溪南里珠生路78巷38號","1600"
"曲徑山居","南投縣 埔里鎮桃米里種瓜路45巷116號","9000"
"夢想街8號","南投縣 埔里鎮福興路110巷8號","2380"
"星空花園","南投縣 埔里鎮墘溪路6-9號","5000"
"嵐園民宿","南投縣 草屯鎮加老里芬草路3段171巷11號","1700"
"紫色森林","南投縣 草屯鎮中原里中和路2之21號","2600"
"知達工藝會館","南投縣 草屯鎮中正路574號","2680"
"天空的院子","南投縣 竹山鎮大鞍里頂林路562之1號","3500"
"大鞍山林瓦舍","南投縣 竹山鎮大鞍里頂林路443號","1600"
"隱竹別院","南投縣 竹山鎮富州里富州巷31號","3200"
"空中邊境","南投縣 竹山鎮田子里大林巷16之50號","1000"
"彩虹糖民宿","南投縣 竹山鎮山崇里山崇巷27之7號","2000"
"林溪民宿","南投縣 竹山鎮大鞍里溪山路3-12號","2500"
"富御民宿","南投縣 竹山鎮大鞍里頂林路589號","1680"
"大書櫃民宿","南投縣 竹山鎮大鞍里頂林路562-2號","3840"
"圓山林民宿","南投縣 竹山鎮大鞍里頂林街576-6號","2500"
"大鞍吳家古厝民宿","南投縣 竹山鎮大鞍里頂林路570號","1600"
"集集金格民宿","南投縣 集集鎮八張里民權路262號","1400"
"棕梠泉民宿","南投縣 集集鎮林尾里公館巷60號","2500"
"集集農場民宿","南投縣 集集鎮集集里環山街270巷42號","1680"
"想一二逍遙居民宿","南投縣 集集鎮吳厝里營仔巷9號","1600"
"宜蓁的家","南投縣 集集鎮初中一街308巷1號","1600"
"香榭雅筑","南投縣 集集鎮民權路260號","2800"
"風櫃梅休閒民宿","南投縣 集集鎮和平里初中一街356號","1200"
"蘋果的家","南投縣 集集鎮民權路272號","1500"
"海悅泉","南投縣 集集鎮集賢街505巷5號","1200"
"大自然民宿","南投縣 集集鎮八張一街166號","2200"
"倍詩泰民宿","南投縣 集集鎮吳厝里八張一街158號","2000"
"集集沐嵐花園旅店","南投縣 集集鎮集賢街501號","1800"
"山嵐villa花園旅店","南投縣 集集鎮集賢街503號","1600"
"集集八張民宿","南投縣 集集鎮八張里民生路13-1號","600"
"雙流休閒民宿","南投縣 名間鄉仁和村山腳巷23-7號","1900"
"茶米香民宿","南投縣 名間鄉松山村松嶺街237之1號","600"
"無患子的故鄉","南投縣 名間鄉三崙村弓鞋巷25之7號","2500"
"溪頭夏緹飯店","南投縣 鹿谷鄉內湖村興產路24之18號","3100"
"櫻花嶺渡假山莊","南投縣 鹿谷鄉竹林村田頭巷25之3之2號","2800"
"桃花源渡假村","南投縣 鹿谷鄉竹林村愛鄉路99之5號","2000"
"騰芳居","南投縣 鹿谷鄉永隆村和平巷37號","2800"
"農村老爺民宿","南投縣 鹿谷鄉瑞田村瑞田巷9之11號","2000"
"雅筑小站","南投縣 鹿谷鄉內湖村興產路45之1號","2800"
"吉野","南投縣 鹿谷鄉和雅村林尾巷13之5號","2000"
"聽濤園","南投縣 鹿谷鄉和雅村愛鄉路1之12號","2025"
"鹿鼎莊民宿","南投縣 鹿谷鄉彰雅村凍頂巷10之18號","1960"
"金台灣山莊","南投縣 鹿谷鄉內湖村興產路25之3號","2340"
"竹風民宿","南投縣 鹿谷鄉竹豐村光復路56之13號","1600"
"曼陀鄉民宿","南投縣 鹿谷鄉內湖村興產路1-15號","2200"
"遠路山村山莊","南投縣 鹿谷鄉竹林村田頭巷34-10號","2200"
"新明山木屋渡假村","南投縣 鹿谷鄉溪頭內湖村興產路50之5號","1920"
"仙知味民宿","南投縣 鹿谷鄉竹林村愛鄉路105之8號","2600"
"森鈴昱境","南投縣 鹿谷鄉竹豐村中湖巷28之9號","2000"
"和雅谷","南投縣 鹿谷鄉興產路57之2號","1875"
"阿杰ㄟ厝","南投縣 鹿谷鄉清水村外城巷6之1號","1100"
"鳳凰渡假山莊","南投縣 鹿谷鄉鳳凰村田底巷10之30號","1200"
"來來休閒民宿","南投縣 鹿谷鄉竹豐村中湖巷28之6號","1400"
"明萱茶園","南投縣 鹿谷鄉鹿谷村仁義路148號","1600"
"野菜園民宿","南投縣 鹿谷鄉竹豐村光復路91之5號","800"
"林園山莊","南投縣 鹿谷鄉竹林村愛鄉路101之3號","1200"
"小半天民宿","南投縣 鹿谷鄉竹林村田頭巷34之12號","1500"
"小半天ㄟ厝民宿","南投縣 鹿谷鄉竹林村愛鄉路121之1號","1530"
"溪之頭山莊民宿","南投縣 鹿谷鄉內湖村興產路23-15號","1600"
"星井澤民宿","南投縣 鹿谷鄉後溝巷47號","14800"
"保記茶工房民宿","南投縣 鹿谷鄉清水村永豐巷34號","1200"
"中國城茶藝民宿","南投縣 鹿谷鄉初鄉村中正路三段35號","1200"
"谷欣民宿","南投縣 鹿谷鄉竹林村愛鄉路121之6號","1500"
"羿昀居","南投縣 鹿谷鄉永隆村堀邊巷1之1號","2200"
"和雅渡假園區","南投縣 鹿谷鄉和雅村愛鄉路66之15號","1300"
"松原山莊","南投縣 鹿谷鄉彰雅村中正路一段186號","1500"
"鄉谷茶園","南投縣 鹿谷鄉竹林村愛鄉路118號","1500"
"林家莊民宿","南投縣 鹿谷鄉竹林村田頭巷8之5號","1300"
"金族原木屋","南投縣 鹿谷鄉內湖村興產路40號","2000"
"聖茂渡假會館","南投縣 鹿谷鄉竹林村田頭巷35之25號","4000"
"布拉格渡假村","南投縣 鹿谷鄉內湖村興產路6-12號","2520"
"溪頭渡假小築","南投縣 鹿谷鄉內湖村興產路8-6號","2500"
"掌櫃民宿","南投縣 鹿谷鄉和雅村愛鄉路39-46號","1800"
"聖茂渡假木屋","南投縣 鹿谷鄉內湖村興產路22號","1800"
"竹映民宿","南投縣 鹿谷鄉和雅村愛鄉路45之11號","1800"
"好聖地渡假木屋","南投縣 鹿谷鄉內湖村興產路23之1號","2800"
"鹿谷農場民宿","南投縣 鹿谷鄉廣興村興產路96號","1280"
"三石山小棧","南投縣 鹿谷鄉和雅村愛鄉路2-16號","1800"
"逍遙居民宿","南投縣 鹿谷鄉鹿谷村中正路二段211巷15號","2880"
"忘憂鳴民宿","南投縣 鹿谷鄉鹿谷村中正路二段211巷17號","2880"
"鋐洋民宿","南投縣 鹿谷鄉竹林村田頭巷25-10號","1500"
"德欣園民宿","南投縣 鹿谷鄉永隆村鳳園路178號","1800"
"禪鏡渡假休閒山莊","南投縣 鹿谷鄉和雅村愛鄉路42-61號","2000"
"山水田雅舍","南投縣 魚池鄉東光村興善巷58之6號","2500"
"布查德","南投縣 魚池鄉大林村嵩山巷17之18號","3680"
"湧泉民宿","南投縣 魚池鄉日月村中正路242號","3150"
"山明水秀","南投縣 魚池鄉日月村光華街48號","2200"
"御爵渡假山莊","南投縣 魚池鄉新城村8鄰通文巷3之16號","2200"
"山季花園","南投縣 魚池鄉大林村華山巷9-66號","2300"
"弗萊堡莊園","南投縣 魚池鄉新城村通文巷3之6號","2500"
"明宿","南投縣 魚池鄉頭社村平和巷78號","3500"
"快樂腳休閒渡假木屋","南投縣 魚池鄉大雁村大雁巷33之3號","2200"
"湖景渡假旅店","南投縣 魚池鄉日月村德化街32號","2400"
"卉芯蘭園","南投縣 魚池鄉新城村通文巷5之4號","2000"
"Bliss幸福天使花園","南投縣 魚池鄉大林村金天巷25之12號","4200"
"貴夫人渡假民宿","南投縣 魚池鄉共和村長興巷1之8號","4270"
"頂代櫻花會館","南投縣 魚池鄉有水巷5之50號","2240"
"米樂民宿","南投縣 魚池鄉日月村日月街76號","3200"
"LOOK 路殼","南投縣 魚池鄉大林村永川巷22之6號","3500"
"原森林民宿","南投縣 魚池鄉中明村文化巷39號","2900"
"五船民宿","南投縣 魚池鄉水社村中山路292號","1800"
"紅茶工房","南投縣 魚池鄉大雁村大雁巷39之7號","2000"
"竹石園","南投縣 魚池鄉水社村中山路8號","4300"
"碧水山居","南投縣 魚池鄉水社村中山路455之6號","2520"
"秘密花園民宿","南投縣 魚池鄉魚池村瓊文巷39號","4200"
"月潭小棧","南投縣 魚池鄉日月村山明街58號","1800"
"澄園渡假旅店","南投縣 魚池鄉日月村文化街117號","2660"
"汎札嵐","南投縣 魚池鄉魚池村瓊文巷39之10號","1800"
"浪漫滿屋民宿","南投縣 魚池鄉新城村通文巷3之10號","1800"
"水漾民宿","南投縣 魚池鄉日月村豐年街56號","2100"
"峇里峇里","南投縣 魚池鄉東光村慶隆巷73號","3800"
"水社海渡假民宿","南投縣 魚池鄉水社村名勝街16號","2100"
"青井澤","南投縣 魚池鄉水社村中興路12巷29號","2520"
"日月花嫁渡假屋","南投縣 魚池鄉大林村永川巷24-1號","1800"
"愛黏在一起","南投縣 魚池鄉修正巷3之12號","3000"
"富豪群民宿","南投縣 魚池鄉日月村水秀街8號","2200"
"堤岸樂活家","南投縣 魚池鄉東池村文武巷19號之6","2000"
"潭暉時尚風華旅店","南投縣 魚池鄉水社村名勝街12號","2980"
"日月星舞","南投縣 魚池鄉大林村永川巷12之8號","1700"
"月光會館","南投縣 魚池鄉新城村通文巷21-9號","2000"
"朵麗絲的家","南投縣 魚池鄉日月潭中山路123號","2990"
"水岸休閒飯店","南投縣 魚池鄉日月村文化街112號","2000"
"朝霧渡假小棧","南投縣 魚池鄉日月潭中山路31號","3900"
"秀水渡假旅店","南投縣 魚池鄉魚池村秀水巷25之6,25之7號","1500"
"東光知性","南投縣 魚池鄉東光村興善巷57-3號","1200"
"日月潭花鳥新村民宿","南投縣 魚池鄉東光村水尾巷4之5號","1700"
"稻香亭民宿","南投縣 魚池鄉大林村金天巷11號","1180"
"綠野鄉居民宿","南投縣 魚池鄉大雁村大雁巷47之5號","1300"
"九族民宿渡假小屋","南投縣 魚池鄉大林村金天巷69之5號","1750"
"潔坊琳居","南投縣 魚池鄉共和村長興巷7之9號","2000"
"桂月村","南投縣 魚池鄉水社村名勝街28號","2180"
"山水雅筑","南投縣 魚池鄉中明村有水巷4之1號","1600"
"山泉水民宿","南投縣 魚池鄉大雁村大雁巷47之6號","1400"
"天月水色","南投縣 魚池鄉日月村義勇街88號","3000"
"靜心園鄉居","南投縣 魚池鄉大雁村大雁巷29-1號","2000"
"有水巷","南投縣 魚池鄉中明村有水巷28之17號","1800"
"山中城宝","南投縣 魚池鄉中明村有水巷35之3號","2500"
"達琳谷灣","南投縣 魚池鄉日月村文化街80號","1500"
"長虹渡假民宿","南投縣 魚池鄉魚池村秀水巷25-36號","1600"
"薇勝客居","南投縣 魚池鄉新城村通文巷48之3號","1600"
"伊達邵民宿","南投縣 魚池鄉日月村中正路270號","1800"
"魚雅筑渡假村","南投縣 魚池鄉五城村華龍巷56之2號","1800"
"清平樂村居","南投縣 魚池鄉大雁村大雁巷26之5號","1500"
"美真舘","南投縣 魚池鄉日月潭中山路125號","1500"
"明湖采堤渡假館","南投縣 魚池鄉日月潭名勝街15之1號","2400"
"麗池藍天休閒民宿","南投縣 魚池鄉秀水巷25之20號","2200"
"湖悅景觀民宿","南投縣 魚池鄉日月村義勇街113號","3500"
"日月星光渡假屋","南投縣 魚池鄉水社村中興路78之2號","1200"
"蔓條絲裡～浮田小屋","南投縣 魚池鄉武登村協力巷1-7號","1200"
"15-8鄉居","南投縣 魚池鄉新城村通文巷15之8號","2000"
"晶彩民宿","南投縣 魚池鄉日月村日月街78號","1900"
"雷克旅店","南投縣 魚池鄉日月村水沙連街27號","1800"
"日月談水之道雅築","南投縣 魚池鄉魚池村瓊文巷18之23號","2000"
"愛之屋(碼頭館)","南投縣 魚池鄉水社村名勝街34號","2500"
"夢想家","南投縣 魚池鄉日月村日月街75號","1800"
"玥湖背包客讚","南投縣 魚池鄉中山路294號","600"
"微笑方舟","南投縣 魚池鄉魚池村瓊文巷18之39號","2200"
"老爹的家","南投縣 魚池鄉瓊文巷18之13號","450"
"橙林小徑","南投縣 魚池鄉新城村通文巷6-6號","2200"
"建成民宿","南投縣 魚池鄉日月潭中山路145號","1500"
"千甲農莊","南投縣 國姓鄉北山村中正路四段160-2號","1400"
"春天民宿","南投縣 國姓鄉北港村長北路69號","5500"
"鄉村民宿","南投縣 國姓鄉北港村北原路59-1號","1200"
"後頭厝","南投縣 國姓鄉北港村北原路30之9號","1800"
"田園花卉民宿","南投縣 國姓鄉北港村長北路53-11號","2400"
"北港溪沙八渡假村","南投縣 國姓鄉北港村北原路34-1號","3800"
"百勝村民宿","南投縣 國姓鄉北港村國姓路87之9號","1300"
"禪松會館","南投縣 水里鄉頂崁村頂平路71巷11號","3360"
"水里河堤咖啡民宿","南投縣 水里鄉東三街110號","1800"
"老五民宿","南投縣 水里鄉上安村福田路29號","3200"
"峰林山莊","南投縣 水里鄉頂崁村水信路一段429巷16號","1840"
"二坪山莊","南投縣 水里鄉鉅工村二坪路39巷13弄8號","1200"
"達谷蘭溫泉農場","南投縣 信義鄉東埔村開高巷110之1號","3300"
"雙龍客棧","南投縣 信義鄉雙龍村光復巷34-3號","1200"
"真和園","南投縣 信義鄉東埔村開高巷125-2號","1500"
"岩石休閒民宿","南投縣 信義鄉地利村開信7-2號","2400"
"四季星空館","嘉義縣 番路鄉公田村隙頂18號","2890"
"當歸民宿","嘉義縣 番路鄉公田村龍頭路18之4號","3334"
"雲登渡假會館","嘉義縣 番路鄉新福村4鄰第三農場136號","4950"
"適合院休閒民宿","嘉義縣 番路鄉新福村公館仔10號","1400"
"龍珠園民宿","嘉義縣 番路鄉番路村瓦厝仔11之1號","2100"
"F Hotel(阿里山館)","嘉義縣 番路鄉下坑村8鄰下坑42之3號","2400"
"仲明居","嘉義縣 番路鄉公興村1鄰龍美19之1號","1200"
"欣加坡生態村","嘉義縣 梅山鄉瑞里村幼葉林77號","2240"
"阿漢的家","嘉義縣 梅山鄉瑞里村79號","2400"
"慢步雲端民宿","嘉義縣 梅山鄉瑞里村科子林15號","2200"
"一品茶葉","嘉義縣 梅山鄉瑞里村幼葉林102號","1760"
"孟宗築民宿","嘉義縣 梅山鄉瑞里村99之1號","1500"
"梅花山莊","嘉義縣 梅山鄉瑞里村幼葉林103 號","1400"
"明月大船的家","嘉義縣 梅山鄉瑞里村幼葉林48號","1500"
"欣采民宿","嘉義縣 梅山鄉太和村樟樹湖27號","1500"
"王鼎茶園","嘉義縣 梅山鄉瑞里村97號","1600"
"阿喜紫藤","嘉義縣 梅山鄉瑞里村10-3號","9000"
"賴坤陽的家","嘉義縣 梅山鄉瑞峰村新興寮22-1號","1500"
"龍雲農場","嘉義縣 竹崎鄉中和村石棹1號","2500"
"波希瓦舍民宿","嘉義縣 竹崎鄉竹崎村中山路6巷3之1號","1800"
"火金姑民宿","嘉義縣 竹崎鄉光華村頂笨仔23之8號","2080"
"野薑花民宿","嘉義縣 竹崎鄉瑞峰村7鄰坔埔5號","2600"
"竹崎白樹腳驛棧","嘉義縣 竹崎鄉復金村20鄰白樹腳22號","2100"
"山合院休閒民宿","嘉義縣 竹崎鄉鹿滿村鹿鳴路61號","1400"
"伊莎貝爾花園","嘉義縣 竹崎鄉灣橋村8鄰下厝坑11號","3200"
"雅竹居","嘉義縣 竹崎鄉中和村石棹6號","2400"
"淵明居","嘉義縣 竹崎鄉中和村石槕4號","2900"
"綠野仙蹤","嘉義縣 竹崎鄉光華村頂笨仔22號","1500"
"禾自然","嘉義縣 竹崎鄉中和村石棹2號","1300"
"石園民宿","嘉義縣 竹崎鄉中和村19鄰石棹15-1號","2000"
"長青居","嘉義縣 竹崎鄉中和村石棹16號","1600"
"湘泉木屋民宿","嘉義縣 竹崎鄉光華村9號","2000"
"星光森林","嘉義縣 竹崎鄉金獅村出水坑18號","2560"
"好假期民宿","嘉義縣 竹崎鄉光華村頂笨仔5之1號","1500"
"頂峰休閒民宿","嘉義縣 竹崎鄉光華村柑仔宅31-3號","1200"
"名陽園民宿","嘉義縣 竹崎鄉中和村石棹15號","1300"
"耀崧民宿","嘉義縣 竹崎鄉中和村石棹3號",""
"竹耕園","嘉義縣 竹崎鄉灣橋村田尾20號",""
"茗苑民宿","嘉義縣 竹崎鄉中和村石棹13號","1800"
"湘庭民宿","嘉義縣 竹崎鄉中和村石棹13之1號","1800"
"天一民宿","嘉義縣 竹崎鄉中和村石棹25之2號","1500"
"綠花園民宿","嘉義縣 竹崎鄉光華村茄苳仔26-8號","2200"
"香林薇拉民宿","嘉義縣 竹崎鄉竹崎村中山路6巷1號","1700"
"禾園觀霧民宿","嘉義縣 竹崎鄉中和村石棹4之8號","2500"
"Sunrise235莊園","嘉義縣 竹崎鄉中和村石棹25之3號","3600"
"奮起湖老街大飯店","嘉義縣 竹崎鄉中和村奮起湖185之1號","1400"
"雅琇山莊","嘉義縣 竹崎鄉奮起湖159之1號","1200"
"竺園","嘉義縣 竹崎鄉中和村石棹2之7號","1500"
"掌聲響起渡假會館","嘉義縣 阿里山鄉樂野村8鄰樂野209之6號","3040"
"秘密遊","嘉義縣 阿里山鄉達邦村185之2號","2700"
"高山青大飯店","嘉義縣 阿里山鄉中正村43號","1800"
"阿里山賓館","嘉義縣 阿里山鄉香林村16號","6600"
"阿里山神木賓館","嘉義縣 阿里山鄉中正村50號","3060"
"高峰大飯店","嘉義縣 阿里山鄉中正村東阿里山41號","2800"
"阿里山青山別館","嘉義縣 阿里山鄉阿里山中正村42號","2400"
"大峯山莊","嘉義縣 阿里山鄉中正村東阿里山46號","2300"
"閒雲居","嘉義縣 阿里山鄉樂野村8鄰210號","1500"
"keupana給巴娜","嘉義縣 阿里山鄉達邦村108號","900"
"茶雲居","嘉義縣 阿里山鄉樂野村樂野116之2號","2240"
"淳液園","嘉義縣 阿里山鄉茶山村茶山106號","1600"
"陽光綠景","嘉義縣 中埔鄉鹽館村鹽館26號","1000"
"鶯山溫泉民宿","嘉義縣 中埔鄉石弄村14鄰36之23號","2880"
"松竹梅民宿","嘉義縣 大埔鄉和平村雙溪14-2號","1400"
"船仔頭ㄟ厝","嘉義縣 東石鄉蔦松村船仔頭22-3號","1500"
"蟀哥農家民宿","嘉義縣 六腳鄉六腳村10號","2800"
"老家民宿","嘉義縣 新港鄉菜公村咬仔竹33號","2000"
"陶鄉民宿","嘉義縣 新港鄉板頭村1鄰板頭厝45之2號","1600"
"悅來居","嘉義縣 民雄鄉秀林村75之3號","2000"
"龍山林民宿","嘉義縣 民雄鄉東湖村東勢湖1453號","1200"
"白鶴仙境","嘉義縣 民雄鄉北斗村北勢子路460號","980"
"禾樂居民宿","嘉義縣 大林鎮三角里3鄰北勢41之3號","1600"
"沙灘獨木舟民宿","嘉義縣 布袋鎮海興街246號","400"
"台灣詩路","台南市 鹽水區田寮里68號","1200"
"沐春會館","台南市 白河區關嶺里關子嶺27號","5800"
"長奕雅築","台南市 白河區大竹里13鄰194之60號","1500"
"尚達礦泥溫泉山莊","台南市 白河區關嶺里關子嶺31-18號","2500"
"柚香園","台南市 白河區蓮潭里北埔10之10號","1200"
"布農工坊","台南市 白河區仙草里6鄰69號","2200"
"芳谷溫泉小棧","台南市 白河區關子嶺24之11號","2500"
"景大渡假莊園","台南市 白河區關子嶺56號","3000"
"林桂園石泉會館","台南市 白河區關嶺里53之18號","3900"
"丞翔園農莊","台南市 白河區虎山里78之6號","1600"
"蟬園","台南市 白河區六溪里六重溪76-15號","1200"
"毓軒園","台南市 白河區玉豐里海豐厝49之56號","1500"
"關山嶺泥礦溫泉山莊","台南市 白河區關仔嶺65-10號","2800"
"虎山驛站","台南市 白河區虎山里83號","2000"
"儷泉民宿","台南市 白河區關嶺里43-3號","2500"
"千霞園","台南市 白河區六溪里六重溪123號","2470"
"明園溫泉別莊","台南市 白河區關嶺里關子嶺粗坑84號","1500"
"尖山埤江南渡假村","台南市 柳營區旭山里60號","5104"
"南元花園休閒農場","台南市 柳營區果毅里南湖25號","12000"
"荷蘭井湧泉","台南市 後壁區菁寮里菁寮老街荷蘭井129號","600"
"仙湖農場","台南市 東山區南勢里賀老寮一鄰6-2號","2380"
"向陽田園居","台南市 東山區大客村凹仔腳56之7","900"
"五隆園民宿","台南市 東山區高原里李子園108之4號","1800"
"董娘美食生活館","台南市 東山區大客村46-18號","1000"
"睫毛不翹的驢子","台南市 麻豆區港尾里15鄰客子寮527號","2300"
"鄉村故事旅棧","台南市 官田區西庄村4-22號","4600"
"湖境渡假會館","台南市 官田區嘉南里92號","2600"
"維夏渡假旅館","台南市 學甲區自強路101號","1920"
"西港歇腳居","台南市 西港區慶安里中洲21之89號","3800"
"欖人民宿","台南市 七股區十份村13鄰74-10號","2000"
"一分多田園民宿","台南市 七股區樹林里樹林126-12號","3000"
"黑琵的家","台南市 七股區義合村61-1號","960"
"春園農場","台南市 七股區看坪村46之10號","2000"
"鹽鄉民宿","台南市 北門區永華里井仔腳57號","2000"
"南科商務旅館","台南市 善化區成功路252號","2300"
"巧遇南科民宿","台南市 新市區社內里153之17號","1500"
"迎嘉花園酒店","台南市 新市區大營里133號","1688"
"歐味思山莊","台南市 玉井區沙田村85號","3200"
"桃花心木林","台南市 南化區南化村32號","1280"
"微風山谷","台南市 南化區北平里88號","2400"
"晨曦山莊","台南市 左鎮區光和里39號","2000"
"青森精品商旅","台南市 歸仁區南興里文化街三段529號","1980"
"旅行家民宿","台南市 永康區小北路與公園路交叉口","1680"
"永保安康大灣居宿","台南市 永康區中灣五街16巷37號2F","1480"
"劍橋(永康館)","台南市 永康區新行街128號",""
"怡家 背包客棧","台南市 永康區中華路280巷18弄9號7樓","600"
"致穩人文商旅","台南市 永康區中正北路56之20號","2900"
"華南大飯店","台南市 永康區中華路152-1號","1280"
"麥克阿舍","台南市 東區大同路二段640巷12號","1800"
"橘子椪柑","台南市 東區府連東路18號","550"
"溫馨小築","台南市 東區立德二路54巷2號","1400"
"南築雅室","台南市 東區東和路","1480"
"KK House","台南市 東區南紡夢時代附近",""
"優客屋","台南市 東區榮譽街","1080"
"肆房","台南市 東區東和路3號","790"
"英倫洋房民宿","台南市 東區富農一段83號","1500"
"兩米巷","台南市 東區青年路293巷5號","1880"
"鐵道老房","台南市 東區大同路二段","1500"
"慢步南國","台南市 東區民族路一段（近南一中）","750"
"天森61號館","台南市 東區崇德六街","1180"
"台南夢Style","台南市 東區中華東路","1080"
"皇賓大飯店","台南市 東區中華東路三段452巷8弄16號","1900"
"黃色風箏","台南市 東區東平路131號","1600"
"ROOM 5.民宿","台南市 東區民族路一段18巷10號","1699"
"亞帝大飯店","台南市 東區東門路三段31號7樓","990"
"亞伯大飯店","台南市 東區大同路二段617號","2400"
"府城商旅","台南市 東區榮譽街292號","1280"
"亞特旅店","台南市 東區中華東路三段452巷8弄8號","1300"
"台南老爺行旅","台南市 東區中華東路一段368號","3960"
"童莊親子民宿","台南市 南區大同路二段","2800"
"33HOUSE","台南市 南區金華路二段100巷33號","2000"
"ToHouse 趣房子","台南市 南區褔吉一街12巷3號","1280"
"新都套房","台南市 南區新都路339號","1000"
"揚悅旅館","台南市 南區健康路二段487號","1600"
"悠遊台南","台南市 南區永仁街30巷6號","1380"
"愛旅部落","台南市 南區夏林路","1000"
"靜巷十号","台南市 南區金華路2段34巷10號","1480"
"8又二分之一","台南市 南區大同路二段482巷11號",""
"胖胖糖","台南市 南區五妃街419巷15號","1380"
"嗨樂園親子民宿","台南市 北區賢北街122號","3200"
"傑克屋","台南市 北區臨安路二段91巷","500"
"124巷花園","台南市 北區大港街","1600"
"北歐旅居","台南市 北區大興街599號","1400"
"FUNDI","台南市 北區成功路68巷27號","800"
"奇遇果 keywe","台南市 北區西門路四段341巷","1450"
"小木馬","台南市 北區國華街四段(近花園夜市)","2400"
"勁屋 Kei House","台南市 北區開南街","2000"
"包租女王","台南市 北區大港街","500"
"牽手602","台南市 北區大興街602巷2號","650"
"好友窩","台南市 北區大興街602巷","1600"
"安平沐夏","台南市 北區賢北街108號","1800"
"花園星空","台南市 北區實踐街103巷","1200"
"台南Sun house","台南市 北區西門路三段","1200"
"風鈴木","台南市 北區東豐路143巷2號","1100"
"台南歐風民宿","台南市 北區開元路249巷35弄3號","880"
"天下大飯店","台南市 北區成功路202號","3800"
"華都商務飯店","台南市 北區文賢路1192號","1700"
"新朝代飯店","台南市 北區成功路46號","3200"
"富信大飯店","台南市 北區成功路336號","5500"
"富朗飯店","台南市 北區成功路114號","2200"
"南寶大飯店","台南市 北區前鋒路318號","1100"
"家新大飯店","台南市 北區海安路三段287號","2700"
"首相大飯店","台南市 北區公園路128號","1600"
"鐵道大飯店","台南市 北區成功路2號","780"
"榮美精品商旅","台南市 北區海安路三段50號","2450"
"均英商務飯店","台南市 北區中華北路二段9號","3000"
"紀錄工坊","台南市 北區成功路68巷9號","1800"
"東菁苑壹館","台南市 北區開元路92號3F","1500"
"欣悅美學商旅","台南市 北區西門路三段138號","1550"
"微光宅","台南市 北區賢北街225巷","800"
"南法小步舞曲","台南市 北區賢北街",""
"藍心屋","台南市 北區旭日街120巷26號","800"
"壹拾三住房","台南市 北區海安路三段165號","1800"
"22&36","台南市 北區成功路22巷36號(火車站前)","1180"
"Tavern L","台南市 北區成功路38號","700"
"巴洛克洋房","台南市 北區立賢路一段603號","2200"
"羽鋒民宿","台南市 安南區安明路四段1261號","3500"
"初生活 initially life","台南市 安南區郡安路五段184巷108弄18號","900"
"鄉下有房","台南市 安南區城北路866巷63號","2500"
"來住安平","台南市 安平區安北路與世平路口","1680"
"安平光影","台南市 安平區安平路500巷17弄26號","1800"
"Antique House","台南市 安平區永華11街138號","3080"
"裁縫師私人會館","台南市 安平區延平街122號","2400"
"卡樂","台南市 安平區安平路546號","1680"
"住好運","台南市 安平區安平路226號","2650"
"安平房小屋","台南市 安平區石門國小旁(近安平老街)","1600"
"莫非工寓","台南市 安平區民權路","1400"
"潔果民宿","台南市 安平區永華三街79號","1600"
"柚子屋","台南市 安平區建平十四街","1600"
"吾宅","台南市 安平區建平路與怡平路交街口","2000"
"現代單伸手","台南市 安平區同平路(台南觀光漁市旁)","2800"
"自在安平","台南市 安平區安平路426巷(依蕾特布丁巷)","2200"
"安平心旅行","台南市 安平區育平八街與平豐路口","1380"
"平安樹．宿","台南市 安平區安平路(平生路口)","2000"
"RE+Wood","台南市 安平區民權路四段393之1號","1390"
"露比當家","台南市 安平區","880"
"Dear 蒂兒","台南市 安平區民權路四段831號","1080"
"Almost Home","台南市 安平區華平路563號","2000"
"伊芙妮主題套房","台南市 安平區世平四街","980"
"嘗住安平","台南市 安平區古堡街62號","1180"
"左岸121","台南市 安平區建平十七街","1500"
"浮雲遊子","台南市 安平區","1680"
"賞花會館一館","台南市 安平區安平路702之2號","1300"
"來去安平住一晚","台南市 安平區古堡街與延平街口","1600"
"台南‧微調時光","台南市 安平區華平路","2500"
"有點．宅","台南市 安平區建平路52號","2100"
"理容院哈司托","台南市 安平區怡平路410巷37號","880"
"安平旅居","台南市 安平區","1600"
"唯樂親子民宿","台南市 安平區郡平路","2800"
"樹說","台南市 安平區州平二街","3000"
"安平八の船會館","台南市 安平區安億路142號","2280"
"微日。光角","台南市 安平區文平路","1000"
"波夏122","台南市 安平區育平八街122號","2600"
"妹子","台南市 安平區世平一街8巷","1500"
"米卡摩卡","台南市 安平區世平一街8巷60號","1500"
"安平539","台南市 安平區慶平路539號15樓","600"
"GA HOUSE","台南市 安平區光州路120號","2900"
"安平典藏","台南市 安平區世平一街","1500"
"同棧設計旅店","台南市 安平區古堡街70號","3980"
"安平72號","台南市 安平區世平一街8巷72號","1500"
"漫步巷弄","台南市 安平區運河路","2000"
"荷蘭洋行","台南市 安平區國平路417號","1880"
"平方宅邸","台南市 安平區安北路","6800"
"台南安平水岸180","台南市 安平區同平路180號","3000"
"作夥憩海邊","台南市 安平區州平一街","1500"
"夏夏漁","台南市 安平區效忠街","2000"
"緩步come home","台南市 安平區永華四街","1280"
"安提詩民宿","台南市 安平區平通路400號","1000"
"維悅酒店","台南市 安平區慶平路539號","2660"
"臺邦商旅","台南市 安平區永華二街199號","2850"
"油行尾","台南市 中西區府前路(近開山路)","3200"
"迪利小屋","台南市 中西區民生路二段","1680"
"巧寓","台南市 中西區民權路三段與大新街路口","2400"
"From House發浪家","台南市 中西區湖美一街","1600"
"說故事","台南市 中西區青年路15號","1400"
"義樓","台南市 中西區協和街(近美麗街)","2400"
"Home台南","台南市 中西區西賢里11鄰西賢一街","2000"
"靈魂公寓","台南市 中西區民族路二段(近火車站)","1980"
"老房小屋","台南市 中西區大勇街(近海安路)","2400"
"海安竺居","台南市 中西區康樂街282巷2號","1500"
"台南六本木","台南市 中西區湖美一街","2300"
"84 in 台南","台南市 中西區忠孝街84號","1400"
"興居","台南市 中西區民權路與西門路口","1580"
"友愛部屋","台南市 中西區友愛街146巷18號","4800"
"邑宿","台南市 中西區新美街75號2樓3樓","1600"
"大戶人家－安築","台南市 中西區西門路一段","3800"
"保安57","台南市 中西區保安路(台南特色小吃街)",""
"五樓-5th","台南市 中西區民族路二段(新光三越附近)","1980"
"駐宅‧住窄","台南市 中西區民權路","3000"
"維多莉亞行館","台南市 中西區西湖街","1800"
"築樂窩","台南市 中西區府前路一段109號","2180"
"湧福驛站","台南市 中西區永華路一段144巷37號","1600"
"台南夢想","台南市 中西區北門路一段（火車站附近）","800"
"鳥。居","台南市 中西區民權路四段112巷","2000"
"寄屋","台南市 中西區台南火車站旁","800"
"幸運草民宿","台南市 中西區西門路一段493號","1500"
"T.A.M","台南市 中西區北門路一段","1100"
"府城巷弄","台南市 中西區西門路二段民權路口(金格長崎蛋糕旁)","1300"
"禾悅館","台南市 中西區海安路","2800"
"台南花園","台南市 中西區金華路三段209號","980"
"西門胡同驛棧","台南市 中西區孔廟文化園區旁","3000"
"台南.廟口","台南市 中西區民族路二段","1080"
"米街135","台南市 中西區新美街(近赤崁樓)","2400"
"藏愛","台南市 中西區西賢一街71巷22號","1600"
"小西門36","台南市 中西區永華路一段（近大億麗緻）","1300"
"台南ㄟ厝","台南市 中西區大同路一段","1500"
"巧和居民宿","台南市 中西區民生路一段157巷10號","1500"
"台南蜜屋","台南市 中西區西門路一段","800"
"玩家小西門","台南市 中西區西門路一段703巷8之1號","1580"
"私藏No.1","台南市 中西區康樂街","1700"
"台南．巧家","台南市 中西區府前路二段(近國華街口)","1250"
"有房神農","台南市 中西區忠孝街","1380"
"站前快樂窩","台南市 中西區成功路(近火車站)","1280"
"站前陽光","台南市 中西區中山路與民族路交叉口","1500"
"海安196","台南市 中西區民權路三段","1600"
"Dear House","台南市 中西區臨安路一段212巷36號","1700"
"千鳥屋","台南市 中西區府前路二段","900"
"囝仔厝","台南市 中西區大德街與保安路交叉口","3600"
"Air-Tainan","台南市 中西區民族路三段222巷","1000"
"台南仙靜民宿","台南市 中西區金華路三段(靠近海安路)",""
"house inn house","台南市 中西區衛民街","1980"
"隨寓而安","台南市 中西區永華路一段144巷","1600"
"漫步老宅","台南市 中西區正興街77巷4號","2000"
"世恆軒","台南市 中西區","1780"
"夢境湖美","台南市 中西區湖美一街","1200"
"台南好宿","台南市 中西區環河街86號","1100"
"旅.日.人-松井家","台南市 中西區民族路二段57巷9號","1980"
"和逸台南(西門館)","台南市 中西區西門路一段658之2號","3575"
"久都和宅","台南市 中西區忠孝街與康樂街交叉口","2800"
"賞花會館二館","台南市 中西區北門路","1300"
"全美旅驛","台南市 中西區民權路二段191號","500"
"神榕147","台南市 中西區神農街147號","1600"
"台南福憩客棧","台南市 中西區中正路76號2樓","500"
"返璞","台南市 中西區大埔街89巷51號","1800"
"老曼船長","台南市 中西區府中街98巷28號","2000"
"Carmen Carmen","台南市 中西區衛民街(近狐狸尾巴)","2200"
"愛麗絲秘境","台南市 中西區大德街",""
"鐵花窗","台南市 中西區民權路二段64巷5號","4200"
"小茉莉","台南市 中西區南寧街120巷20號","1500"
"A Bed House","台南市 中西區康樂街156號7樓7室","980"
"街角363","台南市 中西區康樂街","1380"
"鬍子住所","台南市 中西區民族路二段57巷12之5號","2180"
"哩賀音樂小屋","台南市 中西區西華南街120巷10號","1200"
"隘門","台南市 中西區民族路(近赤崁樓)","2200"
"一下．台南民宿","台南市 中西區府中街36號","1600"
"番子樓","台南市 中西區成功路237號","790"
"愛飛的魚","台南市 中西區友愛街146巷9號","1800"
"款款民居","台南市 中西區大智街150號","3200"
"角樓洋房","台南市 中西區北門路一段161巷36號","1080"
"府城旅行家","台南市 中西區大智街63號8樓","1000"
"好ciao","台南市 中西區中山路8巷2號","1400"
"回家128","台南市 中西區永華路一段128巷13號","4200"
"華心大飯店","台南市 中西區金華路三段175號","1650"
"碳佐麻里商務旅館","台南市 中西區尊王路158號","1980"
"名世大飯店","台南市 中西區永福路二段150之1號","980"
"劍橋(台南館)","台南市 中西區民族路二段269號","2240"
"林肯飯店","台南市 中西區金華路三段230號9F","1500"
"星象商旅","台南市 中西區海安路一段151號","2200"
"映巷","台南市 中西區民生路二段附近","1000"
"馬公綠町","台南市 中西區開山路122巷10號1F之4","2800"
"愛客發(台南館)","台南市 中西區忠義路二段145號8樓","2080"
"康橋商旅(台南民生館)","台南市 中西區民生路二段299號","1700"
"太子大飯店","台南市 中西區友愛街349號","480"
"台南之星","台南市 中西區文賢路13號","880"
"首學飯店","台南市 中西區康樂街148號","1700"
"F HOTEL(台南館)","台南市 中西區光賢街23號","4000"
"浪漫河景民宿","台南市 中西區環河街86號","880"
"烏居","台南市 中西區大勇街136號","2800"
"18精品會館","台南市 中西區衛民街124巷18之1號","1200"
"富得來大飯店","台南市 中西區康樂街243號","880"
"一品沅商旅","台南市 中西區保安路182號","1300"
"新生商務旅館","台南市 中西區民生路二段83號","680"
"來七桃旅店","台南市 中西區西門路二段372巷6號","999"
"僾樺大飯店","台南市 中西區和平街101號","2000"
"國光大飯店","台南市 中西區尊王路18號","2400"
"富華大飯店(台南館)","台南市 中西區忠義路二段28號","3650"
"佳佳小南天","台南市 中西區忠義路二段158巷74號","1768"
"英王商旅","台南市 中西區忠義路二段233巷26號","1038"
"康橋商旅","台南市 中西區民權路二段97號","1880"
"華光大飯店","台南市 中西區民族路二段143號","1950"
"佳佳西市場","台南市 中西區正興街11號","2560"
"驛家旅店","台南市 中西區成功路343號9樓","1385"
"立多文旅","台南市 中西區西門路2段76號","2680"
"真愛高雄","高雄市 新興區七賢一路528巷27號","1"
"同．居With Inn","高雄市 新興區文橫一路5巷28號","500"
"艾卡設計旅店","高雄市 新興區民生一路328號","1680"
"宮賞藝術飯店","高雄市 新興區林森一路237號","3400"
"首福大飯店","高雄市 新興區民主路12號","2600"
"中央商務大飯店","高雄市 新興區中正四路6號","780"
"鴨家青年旅館","高雄市 新興區六合一路158號5樓","660"
"Singleinn","高雄市 新興區林森一路267號B1","900"
"住飯店hotel dua","高雄市 新興區林森一路165號","4200"
"雲端精緻旅館","高雄市 新興區民主路18號","1500"
"樺觀小築","高雄市 新興區南華路198號","2100"
"六合日麗","高雄市 新興區六合二路30號","1399"
"吉娃娃商務旅館","高雄市 新興區六合一路158號10樓","1680"
"假期商旅中正店","高雄市 新興區中正四路72號","1150"
"米朵花園旅店","高雄市 新興區五福二路77號","1680"
"康橋商旅(六合夜市南華館)","高雄市 新興區南華路136號","1600"
"秝芯旅店","高雄市 前金區新盛一街55號","1180"
"佳適旅舍(六合館)","高雄市 前金區六合二路128號","1780"
"HOTEL WO","高雄市 前金區七賢二路394號","3000"
"富驛商旅(中華路館)","高雄市 前金區中華三路81號","2380"
"御宿(中央公園館)","高雄市 前金區中華三路15號","1700"
"河堤時尚旅店","高雄市 前金區光復二街191號","1200"
"樂品商旅","高雄市 前金區市中一路229號","1800"
"康橋商旅(中正館)","高雄市 前金區中正四路112號","1800"
"樹屋旅店","高雄市 前金區六合二路132號3F","1980"
"喜悅大飯店","高雄市 前金區七賢二路178號","1800"
"壹品棧旅店","高雄市 前金區七賢二路378號","1499"
"君龍商旅","高雄市 前金區五福三路61號7樓","2400"
"85大樓美麗灣","高雄市 苓雅區自強三路5號12樓","799"
"戀戀高雄","高雄市 苓雅區中華四路63號","990"
"幸福驛站","高雄市 苓雅區自強三路3號12樓之33","1000"
"那旅","高雄市 苓雅區新光路140巷41號","2000"
"亞太高雄","高雄市 苓雅區中華四路/三多路口(近85大樓)","1400"
"陽光大飯店","高雄市 苓雅區中華四路75號","3938"
"85品雲","高雄市 苓雅區自強三路5號","1100"
"85水格印象主題套房","高雄市 苓雅區自強三路5號","1200"
"85夜景旅人假期","高雄市 苓雅區自強三路5號12樓之34","1180"
"85NY主題套房","高雄市 苓雅區自強三路5號","790"
"豬寶寶的窩","高雄市 苓雅區自強三路5號16F-49","1000"
"以馬內利","高雄市 苓雅區自強三路3號12樓之33",""
"高雄漫步妘端","高雄市 苓雅區三多四路63號","1100"
"世紀旅店","高雄市 苓雅區苓雅二路85之5號","945"
"好地方大飯店","高雄市 苓雅區三多四路63號11樓","2250"
"背包41(高雄館)","高雄市 苓雅區四維三路261巷39號","410"
"捷絲旅(中正館)","高雄市 苓雅區中正一路134號","2800"
"康橋商旅","高雄市 苓雅區光華一路148之42號","1800"
"85大樓美麗灣","高雄市 苓雅區自強三路5號12樓","799"
"戀戀高雄","高雄市 苓雅區中華四路63號","990"
"幸福驛站","高雄市 苓雅區自強三路3號12樓之33","1000"
"那旅","高雄市 苓雅區新光路140巷41號","2000"
"亞太高雄","高雄市 苓雅區中華四路/三多路口(近85大樓)","1400"
"陽光大飯店","高雄市 苓雅區中華四路75號","3938"
"85品雲","高雄市 苓雅區自強三路5號","1100"
"85水格印象主題套房","高雄市 苓雅區自強三路5號","1200"
"85夜景旅人假期","高雄市 苓雅區自強三路5號12樓之34","1180"
"85NY主題套房","高雄市 苓雅區自強三路5號","790"
"豬寶寶的窩","高雄市 苓雅區自強三路5號16F-49","1000"
"以馬內利","高雄市 苓雅區自強三路3號12樓之33",""
"高雄漫步妘端","高雄市 苓雅區三多四路63號","1100"
"世紀旅店","高雄市 苓雅區苓雅二路85之5號","945"
"好地方大飯店","高雄市 苓雅區三多四路63號11樓","2250"
"背包41(高雄館)","高雄市 苓雅區四維三路261巷39號","410"
"捷絲旅(中正館)","高雄市 苓雅區中正一路134號","2800"
"康橋商旅","高雄市 苓雅區光華一路148之42號","1800"
"城市商旅-高雄館","高雄市 鹽埕區大義街1號","2530"
"文賓飯店(駁二館)","高雄市 鹽埕區大勇路22號","598"
"華后大飯店","高雄市 鹽埕區公園二路219號","1780"
"宿喜小屋","高雄市 鹽埕區瀨南街248號","900"
"中正大飯店","高雄市 鹽埕區大仁路7號","1800"
"碧港良居","高雄市 鼓山區哨船街31號","2128"
"御宿商旅(明華館)","高雄市 鼓山區明華路257號","2000"
"藍白拖","高雄市 鼓山區長安街3號","1088"
"西子灣商務飯店","高雄市 鼓山區哨船街14號","3380"
"米果的家","高雄市 前鎮區新光路21號","1500"
"疾風門客棧","高雄市 前鎮區三多二路397號","1500"
"意竟","高雄市 前鎮區新光路21號","1250"
"汪汪小窩","高雄市 前鎮區新光路21之1號","1300"
"亞灣日和","高雄市 前鎮區新光路21號","1300"
"三多旅店","高雄市 前鎮區三多三路107號","1050"
"摩天海灣商旅","高雄市 前鎮區新光路21號21樓之7之12","1500"
"85彩紅屋","高雄市 前鎮區自強三路5號",""
"香格里拉精品旅館","高雄市 三民區建國二路208號","1560"
"旅行家商旅","高雄市 三民區河北二路50之7號","1980"
"現代商務旅館","高雄市 三民區九如二路332號","900"
"華宏飯店","高雄市 三民區建國二路243號","1080"
"西子灣大飯店(站前館)","高雄市 三民區建國二路241號","1680"
"康橋大飯店(高雄站前館)","高雄市 三民區建國二路295號","1980"
"京城大飯店","高雄市 三民區九如二路362號","3800"
"金暉商務大飯店","高雄市 三民區建國三路185號","780"
"高雄國際星辰旅館","高雄市 三民區建國三路252之1號","1700"
"月緹","高雄市 左營區南屏路","1400"
"FA FA HOUSE","高雄市 左營區文自路198號","1200"
"薇閣雅居","高雄市 左營區站前北路(高鐵站、半屏山旁)",""
"龍翔飯店","高雄市 左營區立文路75號","675"
"亞特艾斯","高雄市 左營區至真路531巷","1680"
"有吾客棧","高雄市 左營區勝利路115巷2-1號","600"
"月緹","高雄市 左營區南屏路","1400"
"FA FA HOUSE","高雄市 左營區文自路198號","1200"
"薇閣雅居","高雄市 左營區站前北路(高鐵站、半屏山旁)",""
"龍翔飯店","高雄市 左營區立文路75號","675"
"亞特艾斯","高雄市 左營區至真路531巷","1680"
"有吾客棧","高雄市 左營區勝利路115巷2-1號","600"
"頭前園民宿","高雄市 田寮區崇德里崇德路9號","1600"
"NL概念商旅","高雄市 鳳山區文衡路18號","1080"
"大樹南瓜屋","高雄市 大樹區三和里學城路一段8巷86號","2200"
"明山莊","高雄市 大樹區三和村三和路120之1號","2800"
"旗山民宿","高雄市 旗山區三協里楊厝巷11-1號","3000"
"旗山三合院民宿","高雄市 旗山區廣福里中興街6號","1200"
"老頭民宿","高雄市 旗山區三協里花旗二路11巷6號","1000"
"人字山莊","高雄市 美濃區民權路66之5號","1350"
"中正湖民宿","高雄市 美濃區中圳里福美路30號","1500"
"湖美茵民宿","高雄市 美濃區中山路2段782巷52號","1800"
"百果園民宿","高雄市 美濃區復興街一段58巷5號","1400"
"峰園民宿","高雄市 美濃區雙峰街8-20號","1200"
"林家民宿","高雄市 美濃區民族路53之7號","1800"
"菸城民宿","高雄市 美濃區中華路7巷17號","1800"
"美濃情民宿","高雄市 美濃區祿興里上竹圍14號","2000"
"戀戀美濃SPA民宿","高雄市 美濃區中山路二段679號","1800"
"扇平山莊","高雄市 六龜區中興里45-1號","1980"
"山水炎民宿","高雄市 六龜區中興里尾庄55之2號","2600"
"日景園","高雄市 六龜區文武村光明巷37-1號","1500"
"妞妞與夢卡民宿","高雄市 六龜區寶來里中正路16號","1600"
"草地人民宿","高雄市 六龜區新發村新開路33之1號","3300"
"麥克亞倫渡假村","高雄市 六龜區新發里和平路130-5號","1800"
"梅礦民宿","高雄市 六龜區寶來里竹林路65-31號","1800"
"松柏林民宿","高雄市 六龜區興龍村土壠37之8號","1850"
"木森林香草民宿","高雄市 六龜區舊潭21之1號","3200"
"竹亮山莊","高雄市 內門區內南里竹戈寮8之3號","1000"
"月光山林","高雄市 杉林區桐竹路208-2號","2000"
"一家人本舖","高雄市 桃源區寶山里7鄰寶山巷88之6號","1600"
"寧妮谷民宿","高雄市 那瑪夏區達卡努瓦里秀嶺巷183號","1200"
"古木拉","高雄市 茂林區多納里90之2號","1200"
"得恩谷生態民宿","高雄市 茂林區茂林里6鄰138號","2500"
"合盛66","宜蘭縣 頭城鎮三和路616巷105弄8號","4000"
"海吉兒","宜蘭縣 頭城鎮濱海路2段1巷11號","9000"
"真情非凡","宜蘭縣 頭城鎮外澳里濱海路二段70號","3900"
"工匠家","宜蘭縣 頭城鎮青雲路一段310巷222號","2380"
"七海之隅","宜蘭縣 頭城鎮環鎮東路2段600巷7號","2000"
"布蘭奇","宜蘭縣 頭城鎮青雲路三段","2000"
"天外天","宜蘭縣 頭城鎮濱海路二段368號","4800"
"雲心海民宿","宜蘭縣 頭城鎮大溪里濱海路五段483號","1500"
"海灘風情","宜蘭縣 頭城鎮外澳里濱海路二段68號","2500"
"蜻蜓石民宿","宜蘭縣 頭城鎮武營路33巷11號","5000"
"聽濤居","宜蘭縣 頭城鎮大里里濱海路6段51巷18號","1900"
"家盈民宿","宜蘭縣 頭城鎮外澳里濱海路二段265號","1400"
"海天民宿","宜蘭縣 頭城鎮外澳里濱海路二段387號","1800"
"蘭群民宿","宜蘭縣 頭城鎮港口里濱海路一段362巷2號","2000"
"琚珈民宿","宜蘭縣 頭城鎮外澳里濱海路二段453號","3200"
"閑閑的海","宜蘭縣 頭城鎮環鎮東路二段668巷5號","2500"
"沐禾渡假會館","宜蘭縣 冬山鄉建進一路168號","2600"
"布蕾頓","宜蘭縣 冬山鄉水源路37巷28號","2600"
"Royal House藝景居","宜蘭縣 冬山鄉鹿得三路161號","3300"
"米卡洛民宿","宜蘭縣 冬山鄉境安一路156巷51號","2600"
"晨露庄","宜蘭縣 冬山鄉武淵村武罕五路363號","2800"
"貝多芬","宜蘭縣 冬山鄉九分三路105號","2200"
"溫欣家園","宜蘭縣 冬山鄉鹿得五路250號","2600"
"神之島","宜蘭縣 冬山鄉珍珠村幸福六路20號","2800"
"閒雲居","宜蘭縣 冬山鄉上河路22號","3200"
"水畔星墅","宜蘭縣 冬山鄉丸山六路128號","4000"
"ORLA歐拉民宿","宜蘭縣 冬山鄉光華二路73號","3800"
"水舞間","宜蘭縣 冬山鄉水井一路92號","3200"
"悠悅光","宜蘭縣 冬山鄉得安村梅湖路160號","3500"
"日光綠築","宜蘭縣 冬山鄉寶福路372號","3800"
"卡松安","宜蘭縣 冬山鄉安中路36號","3000"
"湖畔之森","宜蘭縣 冬山鄉大埤二路75巷29號","3500"
"自然捲","宜蘭縣 冬山鄉水井一路250巷12號","2800"
"遇見．晨曦","宜蘭縣 冬山鄉富農路一段383巷67號","3200"
"金普敦鄉村悠活民宿","宜蘭縣 冬山鄉鹿埔村鹿埔路460巷122號","4200"
"紅磚屋民宿","宜蘭縣 冬山鄉群英村八仙五路169號","1800"
"建築師湧泉會館","宜蘭縣 冬山鄉水井三路66號","2800"
"北方札特","宜蘭縣 冬山鄉廣安村廣興路682巷132號","3660"
"水岸楓林","宜蘭縣 冬山鄉群英村八仙一路22號","4700"
"跳格子","宜蘭縣 冬山鄉東七路86號","2200"
"新天鵝堡","宜蘭縣 冬山鄉富農路一段383巷53號","2400"
"芯園～親子滑梯城堡","宜蘭縣 冬山鄉珍珠村富農路一段312巷120號","4700"
"蝶舞境安","宜蘭縣 冬山鄉柯林村境安二路176號","2600"
"湖漾189","宜蘭縣 冬山鄉梅湖路189號","3500"
"冬山．森林．鐵道橋","宜蘭縣 冬山鄉富農路一段185巷93弄10號","9500"
"耐斯食泊","宜蘭縣 冬山鄉得安村鹿得五路356號","4600"
"檜木屋","宜蘭縣 冬山鄉得安村大埤二路223號","2800"
"早稻田","宜蘭縣 冬山鄉保安一路316號","2600"
"老公老婆友善民宿","宜蘭縣 冬山鄉柯林村境安路345號","1800"
"五十天休閑民宿","宜蘭縣 冬山鄉武淵村茄苳路50號","2400"
"萬花筒","宜蘭縣 冬山鄉長春路159巷17號","2200"
"宜人生活民宿","宜蘭縣 冬山鄉吉祥路569號","3600"
"灣曲時尚","宜蘭縣 冬山鄉武淵村富堵三路101號","4000"
"貝兒花園","宜蘭縣 冬山鄉新寮路113號","2600"
"梅花湖部落","宜蘭縣 冬山鄉廣興村梅花路744巷100弄73號","500"
"澹寧居","宜蘭縣 冬山鄉大埤二路75巷37號","2800"
"羅東小築","宜蘭縣 冬山鄉安農二路156號","2200"
"宜蘭日和","宜蘭縣 冬山鄉廣安路125巷17號","2000"
"星賞","宜蘭縣 冬山鄉柯林村長春路170號","2500"
"68巷","宜蘭縣 冬山鄉八仙三路68巷10號","1680"
"長月星空","宜蘭縣 冬山鄉補城村補城路601號","2500"
"田庄園","宜蘭縣 冬山鄉補城村11鄰建進一路161號","4500"
"微笑橘子民宿","宜蘭縣 冬山鄉群英村珍珠一路73號","1400"
"蘭陽四季會館","宜蘭縣 冬山鄉太和村美和路一段62巷190號","3000"
"優的民宿","宜蘭縣 冬山鄉柯林村安農三路6巷18號","1200"
"蘋果家家","宜蘭縣 冬山鄉群英村九份三路128號","1500"
"魚雅築","宜蘭縣 冬山鄉柯林村光華一路407號","2800"
"休閒家民宿","宜蘭縣 冬山鄉東城村冬山路一段37巷9弄3號","1200"
"遇而歡","宜蘭縣 冬山鄉永和路800號","1400"
"櫻戀河畔","宜蘭縣 冬山鄉清溝村光明路324巷2號","1600"
"渥爾夫","宜蘭縣 冬山鄉武淵村武罕五路219號","3600"
"花間雅舍","宜蘭縣 冬山鄉武淵村東八路123號","2600"
"T2會館","宜蘭縣 冬山鄉武淵村2鄰東五路12號","3980"
"寬心小站","宜蘭縣 冬山鄉香城路311巷7弄7號","1400"
"伊彩園","宜蘭縣 冬山鄉珍珠村富農路一段323巷48號","2000"
"情定珍珠","宜蘭縣 冬山鄉珍珠村富農路一段383巷37弄16號","1400"
"雲天楓泉","宜蘭縣 冬山鄉廣安村水井三路472號","2000"
"四季花園","宜蘭縣 冬山鄉廣安村安和路29號","1600"
"松之墅","宜蘭縣 冬山鄉柯林村安農五路19號","2800"
"童話村","宜蘭縣 冬山鄉廣興村梅花路300號","2000"
"水岸森林渡假別墅","宜蘭縣 冬山鄉柯林村柯林新路90號","3900"
"地中海休閒民宿","宜蘭縣 冬山鄉廣安村成功路499號","1580"
"水筠間","宜蘭縣 冬山鄉廣安村水井一路246巷42號","2300"
"松舍民宿","宜蘭縣 冬山鄉得安村鹿得路222號","1800"
"輕井澤民宿","宜蘭縣 冬山鄉武淵村武罕五路365號","3000"
"真水蘭陽白鷺鷥","宜蘭縣 冬山鄉武淵村東八路130號","2880"
"伊莎城堡","宜蘭縣 冬山鄉柯林村柯林一路383號","2380"
"幸福橘子","宜蘭縣 冬山鄉永美村冬山路三段181巷272號","1600"
"花鹿米民宿","宜蘭縣 冬山鄉廣興路680巷300號","2400"
"安緹利亞","宜蘭縣 冬山鄉補城村建進一路159號","3500"
"粉紅屋民宿","宜蘭縣 冬山鄉梅湖路73號","2800"
"澹雅居","宜蘭縣 冬山鄉鹿得一路268巷28號","2800"
"涵暄精品民宿","宜蘭縣 冬山鄉武淵二路69號","4500"
"森之茉莉","宜蘭縣 冬山鄉大埤二路75巷31號","2800"
"風箏小木屋","宜蘭縣 冬山鄉武淵村富堵五路73號","2000"
"微風小棧","宜蘭縣 冬山鄉水井一路250巷36號","2400"
"101民宿","宜蘭縣 冬山鄉柯林村安農路101號","1500"
"中山悠閣","宜蘭縣 冬山鄉中山村新寮路408巷69號","2000"
"兒童王國民宿","宜蘭縣 冬山鄉吉祥路585號","4200"
"河岸微風","宜蘭縣 冬山鄉武罕五路201巷2號","1800"
"椿禾園","宜蘭縣 冬山鄉武淵村武淵一路6巷63號","1700"
"梅花客棧","宜蘭縣 冬山鄉梅湖路59號","1800"
"宜和民宿","宜蘭縣 冬山鄉武淵村武淵一路41號","1300"
"維瑜の家","宜蘭縣 冬山鄉武罕五路201巷7號","1880"
"如風如雲","宜蘭縣 冬山鄉建進一路382號","2600"
"冬山河人文會館","宜蘭縣 冬山鄉武淵村18鄰武罕一路109號","2380"
"米修B&B","宜蘭縣 冬山鄉柯林村光華一路415號","2800"
"曬日子","宜蘭縣 冬山鄉得安村梅林路1050號","4800"
"溫暖之巢花園民宿","宜蘭縣 冬山鄉武淵村東八路1號","2000"
"喆園民宿","宜蘭縣 冬山鄉武淵村東七路65號","2500"
"和田家","宜蘭縣 冬山鄉武淵村武罕三路29號","2200"
"平安居","宜蘭縣 冬山鄉廣安村復興路166號","2200"
"稻民宿","宜蘭縣 冬山鄉武淵村武淵一路56號","1800"
"美滿小窩渡假民宿","宜蘭縣 冬山鄉義成路一段519號","1600"
"鄉川民宿","宜蘭縣 冬山鄉鹿德二路277號","1700"
"天然居","宜蘭縣 冬山鄉廣安村復興路168號","2300"
"旅人空間","宜蘭縣 冬山鄉光明路421號","2800"
"光腳丫民宿","宜蘭縣 冬山鄉得安村下湖路11巷131弄112號","2200"
"水和風","宜蘭縣 冬山鄉武淵村富農路二段182號","2000"
"彩雲湖畔","宜蘭縣 冬山鄉得安村大埤二路75巷23號","2800"
"京巷花弄","宜蘭縣 冬山鄉柯林村柯林路568號","2200"
"美好生活","宜蘭縣 冬山鄉水源路88號","1600"
"星願園","宜蘭縣 冬山鄉梅花路896號","2200"
"豪雅小築","宜蘭縣 冬山鄉柯林村柯林五路8號","2200"
"樂芙民宿","宜蘭縣 冬山鄉成興路677號",""
"花香林","宜蘭縣 冬山鄉東八路93號","2400"
"哈薩雅琪民宿","宜蘭縣 三星鄉大義二路248號","2400"
"夢想森林親子民宿","宜蘭縣 三星鄉大德路二段613號","3200"
"Sunday Home","宜蘭縣 三星鄉大埔二路327號","2980"
"布諾斯莊園","宜蘭縣 三星鄉大隱村大埔六路2號","2600"
"香戀星空","宜蘭縣 三星鄉三星路二段99巷108號","1400"
"青田靚水","宜蘭縣 三星鄉尾塹村清洲六路45號","2880"
"幸福三顆星","宜蘭縣 三星鄉大坑路10之32號","900"
"丹頂楓塘","宜蘭縣 三星鄉安農北路二段109號","2000"
"棕櫚藍","宜蘭縣 三星鄉拱照村大坑路10-15號","3200"
"在那邊","宜蘭縣 三星鄉","2500"
"窩久久","宜蘭縣 三星鄉三星路二段99巷49號","2380"
"心森林","宜蘭縣 三星鄉大坑路8之3號","2800"
"三星白宮","宜蘭縣 三星鄉大義村大義二路238號","2500"
"五妍六舍","宜蘭縣 三星鄉三星路二段99巷75號","2180"
"米卡薩","宜蘭縣 三星鄉安農北路一段316號","3200"
"希臘小島","宜蘭縣 三星鄉大隱一路7號","3000"
"古舍古鄉","宜蘭縣 三星鄉員山村泰雅一路491巷牛頭31號","3600"
"心星相映","宜蘭縣 三星鄉三星路二段99巷71號","2200"
"仙朵拉城堡","宜蘭縣 三星鄉大義二路242號","3000"
"隱源舍","宜蘭縣 三星鄉大隱中路349巷20號","4300"
"日光小鎮","宜蘭縣 三星鄉大隱村大隱十五路121號","9000"
"小巷民宿","宜蘭縣 三星鄉大埔中路309巷106號","2200"
"安農左岸","宜蘭縣 三星鄉尾塹村安農北路一段315號","2500"
"水蜻蜓","宜蘭縣 三星鄉光復路31之31號","2200"
"凡梨花","宜蘭縣 三星鄉大隱村四鄰大隱中路19號","1500"
"明水露","宜蘭縣 三星鄉行健三路二段325號","2800"
"一加一加一","宜蘭縣 三星鄉大埔五路111號","1980"
"花檣","宜蘭縣 三星鄉拱照村三星路三段188號","2800"
"星宿","宜蘭縣 三星鄉天福村東興路13之5號","1700"
"福廬","宜蘭縣 三星鄉大隱十六路282號","3000"
"紅樓夢","宜蘭縣 三星鄉三星路6段361號","1800"
"金谷倉","宜蘭縣 三星鄉上將路五段218號","2800"
"米哈斯","宜蘭縣 三星鄉大埔五路188號","1980"
"不一小棧","宜蘭縣 三星鄉大義路43之36號","2800"
"太平山愛琴海","宜蘭縣 三星鄉拱照村大坑路10之18號","3600"
"黑面琵鷺","宜蘭縣 三星鄉大隱村大隱中路59巷7號","1680"
"夢想成真櫻之宿","宜蘭縣 三星鄉上將路一段368號","3200"
"薪傳人文音樂","宜蘭縣 三星鄉大義村上將路三段110號","1200"
"真善美","宜蘭縣 三星鄉義洲路一段35號","2000"
"普普風","宜蘭縣 三星鄉大隱11路276號","2500"
"記憶城堡","宜蘭縣 三星鄉五分路三段622號","1900"
"娥媽媽民宿","宜蘭縣 三星鄉大埔中路430號","1400"
"牛鬥一角","宜蘭縣 三星鄉員山村泰雅一路525巷牛頭203號","1500"
"璞居","宜蘭縣 三星鄉大義村義洲路二段175號","1500"
"愛之屋","宜蘭縣 三星鄉中興路1段463號","2500"
"靜夜星空","宜蘭縣 三星鄉頂楓林二路121巷30號","5000"
"水舍","宜蘭縣 三星鄉五分路三段357號","4000"
"相思園","宜蘭縣 三星鄉大隱村大埔路108-19號","4500"
"晨光民宿","宜蘭縣 三星鄉大隱村三星路二段73號","1800"
"隱廬民宿","宜蘭縣 三星鄉三星路二段99巷110號","1800"
"卡諾民宿","宜蘭縣 員山鄉惠深一路49號","2600"
"池塘邊邊","宜蘭縣 員山鄉湖北村大湖路18之7號","3200"
"蓁心假期","宜蘭縣 員山鄉成功路95號","2500"
"亞維儂民宿","宜蘭縣 員山鄉坡城路16之16號","2600"
"幸福方舟","宜蘭縣 員山鄉員山路二段27巷11號","2200"
"希格瑪","宜蘭縣 員山鄉蓁巷村深福路236號","3800"
"綠花園","宜蘭縣 員山鄉賢好路41巷7號","3600"
"涵舍","宜蘭縣 員山鄉賢德路一段61巷76號","2000"
"iL行館","宜蘭縣 員山鄉賢德路二段107巷22號","3200"
"芭荖鬱","宜蘭縣 員山鄉惠好村賢德路二段7巷6號","2980"
"愛樂耕","宜蘭縣 員山鄉永和村永金一路133號","2000"
"鳳凰宿","宜蘭縣 員山鄉內城村榮光路490號","3000"
"德隆行館","宜蘭縣 員山鄉枕山村枕山路161號","3100"
"富良野民宿","宜蘭縣 員山鄉逸仙村大安路162之36號","2800"
"鄉間雅築","宜蘭縣 員山鄉深溝村尚深路161巷12號","1800"
"悅綠墅","宜蘭縣 員山鄉惠民路380號","2880"
"紅樹林","宜蘭縣 員山鄉湖西村隘界路158之6號","2300"
"庄腳所在","宜蘭縣 員山鄉枕山村坡城路69之9號","2400"
"枕山庄","宜蘭縣 員山鄉枕山村坡城路18之18號","2000"
"隱居山林","宜蘭縣 員山鄉枕山村坡城路53之19號","2000"
"優勝美地","宜蘭縣 員山鄉嵐峰路三段321號","2200"
"茄苳園","宜蘭縣 員山鄉湖東村大湖十路21號","2500"
"員山八八民宿","宜蘭縣 員山鄉惠深二路二段88號","2500"
"光與影民宿","宜蘭縣 員山鄉尚德村大湖20路25號","2520"
"枕山春海","宜蘭縣 員山鄉枕山一村8鄰13號","1600"
"伊恬民宿","宜蘭縣 員山鄉大鬮路26之9號","2200"
"忙裡偷閒渡假民宿","宜蘭縣 員山鄉深溝村深洲路200巷9號","2160"
"七賢小棧","宜蘭縣 員山鄉七賢村賢德路一段39號","1200"
"清澈深溝","宜蘭縣 員山鄉深溝村惠民路368號","3800"
"娃娃國休閒民宿","宜蘭縣 員山鄉深溝村深洲二路95號","1800"
"慢．停留","宜蘭縣 員山鄉永金二路38巷76號","6800"
"三月天民宿","宜蘭縣 員山鄉枕山村枕山一村52號","1960"
"殊苑行館","宜蘭縣 員山鄉大湖22路81號","1000"
"上萊茵莊園","宜蘭縣 壯圍鄉大福路二段256巷70弄31號","3500"
"月兒灣灣","宜蘭縣 壯圍鄉過嶺村壯濱路三段552號","3600"
"壯圍張宅","宜蘭縣 壯圍鄉過嶺村過嶺路1巷36號","3200"
"喜拉朵鄉村民宿","宜蘭縣 壯圍鄉縣民大道一段73號","2400"
"幸福藍星","宜蘭縣 壯圍鄉美城村大福路三段53巷9號","2800"
"璞園","宜蘭縣 壯圍鄉永美路二段61巷120號","2000"
"阿嬤ㄟ紅眠床","宜蘭縣 壯圍鄉忠孝村順和路19-1號","1480"
"海邊民宿","宜蘭縣 壯圍鄉壯濱路四段10號","1400"
"藝術紐約田園民宿","宜蘭縣 壯圍鄉新南村新南路109號","1500"
"宜然風鄉村民宿","宜蘭縣 壯圍鄉中央路一段53巷38弄12號","1800"
"禾風竹露","宜蘭縣 宜蘭市黎明一路36號","2600"
"蘭天民宿","宜蘭縣 宜蘭市進士路3之36號","2000"
"超質家平價民宿","宜蘭縣 宜蘭市環市東路三段152號","1200"
"筑玥溫泉會館","宜蘭縣 礁溪鄉忠孝路97巷48號","4800"
"筑翫溫泉會館","宜蘭縣 礁溪鄉忠孝路97巷32號","4800"
"冒煙的石頭","宜蘭縣 礁溪鄉德陽村信義路34巷33號","4900"
"田念民宿","宜蘭縣 礁溪鄉光武村武暖路124之26號","2700"
"天空島上的小木屋","宜蘭縣 礁溪鄉時潮村塭底路70之12號","2300"
"蝶古巴特風情畫","宜蘭縣 礁溪鄉份尾三路200巷36號","3200"
"綠動湯泉","宜蘭縣 礁溪鄉玉石村公園路85號","3800"
"倆仙沐田莊園","宜蘭縣 礁溪鄉茅埔路18之6號","4700"
"大漁日和","宜蘭縣 礁溪鄉奇立丹路195巷29號","5160"
"多愛溫泉會館","宜蘭縣 礁溪鄉信義路34巷2號","1980"
"松語墅","宜蘭縣 礁溪鄉忠孝路97巷45弄16號","2000"
"艾德堡德國城堡","宜蘭縣 礁溪鄉白鵝村柴圍路78之5號","2900"
"昀居溫泉民宿","宜蘭縣 礁溪鄉德陽村興農路291巷25號","2100"
"禾田居","宜蘭縣 礁溪鄉時潮村塭底路70之1號","2400"
"星畔河岸","宜蘭縣 礁溪鄉時潮村塭底路1-8號","3000"
"桂竹林","宜蘭縣 礁溪鄉六結村六結路65巷11弄18號","1700"
"雲頂民宿","宜蘭縣 礁溪鄉玉光村瑪僯路62-22號","1800"
"湖水綠水岸會館","宜蘭縣 礁溪鄉大塭路34之2號","3800"
"艾瑪溫泉渡假行館","宜蘭縣 礁溪鄉信義路34巷6號","2200"
"朵拉溫泉渡假行館","宜蘭縣 礁溪鄉信義路48號","2200"
"蔥澡.礁溪小澡堂","宜蘭縣 礁溪鄉礁溪路五段77號","500"
"漫慢民宿","宜蘭縣 礁溪鄉白雲村13鄰份尾一路120號","2200"
"奇立丹民宿","宜蘭縣 礁溪鄉德陽村奇立丹路3巷74號","2400"
"美墅家","宜蘭縣 礁溪鄉礁溪路三段179號","2500"
"靚媽咪的甜蜜小屋","宜蘭縣 礁溪鄉白雲村白雲六路60號","2500"
"巴黎溫泉別墅","宜蘭縣 礁溪鄉時潮村大塭路34之1號","2500"
"東旅湯宿","宜蘭縣 礁溪鄉信義路32號","3900"
"正華陶藝館","宜蘭縣 礁溪鄉奇立丹路60之1號","2300"
"大礁溪左岸","宜蘭縣 礁溪鄉二結村二結路3之2號","1680"
"四季園","宜蘭縣 礁溪鄉二結村二結路28之1號","1600"
"礁溪溫泉家","宜蘭縣 礁溪鄉玉石路50之6號","1800"
"波卡拉","宜蘭縣 礁溪鄉玉田村茅埔路34-3號","3900"
"春水笈","宜蘭縣 礁溪鄉六結村六結路106巷21弄10號","2800"
"雲湘居","宜蘭縣 礁溪鄉白雲三路72號","1800"
"星嵐民宿","宜蘭縣 礁溪鄉時潮村塭底路70之9號","2400"
"礁溪320","宜蘭縣 礁溪鄉二龍村淇武蘭路97之6號","3400"
"甜園玉光","宜蘭縣 礁溪鄉玉光村瑪僯路126之5號","2600"
"懷鄉園","宜蘭縣 礁溪鄉二龍村淇武蘭路12之1號","1800"
"田簷蜜雨","宜蘭縣 礁溪鄉白雲六路56號","1500"
"白雲閣","宜蘭縣 礁溪鄉白雲六路58號","1300"
"原湯商旅","宜蘭縣 礁溪鄉仁愛路6號","1880"
"山水妍溫泉會館","宜蘭縣 礁溪鄉仁愛路50號","1980"
"泉鄉風華溫泉行館","宜蘭縣 礁溪鄉德陽路95號","3000"
"58度溫泉湯苑","宜蘭縣 礁溪鄉礁溪路5段61號","2880"
"亞諾時尚溫泉戀館","宜蘭縣 礁溪鄉仁愛路3號","3300"
"雅閣溫泉行館","宜蘭縣 礁溪鄉忠孝路107號","3980"
"澳玩客","宜蘭縣 五結鄉福和二路118巷8之1號","2580"
"幸福8號","宜蘭縣 五結鄉福和二路118巷8號","2580"
"浮水印","宜蘭縣 五結鄉公園二路63號","3200"
"傳藝渡假會館","宜蘭縣 五結鄉錦眾村大眾路33之59號","2800"
"海田行館","宜蘭縣 五結鄉公園二路27巷36號","5000"
"五嬸的家","宜蘭縣 五結鄉五結路三段508巷12弄8號","2500"
"爵士館","宜蘭縣 五結鄉孝威路169號","3600"
"禾風搖搖","宜蘭縣 五結鄉利澤西路6之7號","1500"
"幸福蝸牛","宜蘭縣 五結鄉利澤西路6號","1800"
"43會館","宜蘭縣 五結鄉三吉一路230巷58號","28000"
"簡單的幸福","宜蘭縣 五結鄉協和村17鄰親河路二段291巷51弄30號","2500"
"夏爾迦","宜蘭縣 五結鄉季水路47號","4800"
"Jane橙堡","宜蘭縣 五結鄉傳藝路一段425號","2800"
"輕塵別院","宜蘭縣 五結鄉大吉五路157巷68號","2800"
"旅樹","宜蘭縣 五結鄉親河路二段27巷17號","2600"
"小巷弄5號","宜蘭縣 五結鄉親河路1段119巷1弄5號","2600"
"陽光威琪","宜蘭縣 五結鄉大興路202號","1600"
"F1民宿","宜蘭縣 五結鄉公園三路107號","2280"
"比薩斜塔","宜蘭縣 五結鄉公園三路111之7號","8800"
"耘心田Villa","宜蘭縣 五結鄉公園三路111號","2700"
"樂灣民宿","宜蘭縣 五結鄉大吉五路309巷52號","9800"
"繽雪樂園","宜蘭縣 五結鄉公園一路35號","3000"
"九莊民宿","宜蘭縣 五結鄉錦草路99-9號","2000"
"Lite精品民宿","宜蘭縣 五結鄉公園路307號","2380"
"夏沐雷","宜蘭縣 五結鄉公園一路3號","3000"
"魚夫民宿","宜蘭縣 五結鄉大眾路44-8號","2300"
"愛在家民宿","宜蘭縣 五結鄉親河路二段103巷1弄15號","2200"
"艾薇卡民宿","宜蘭縣 五結鄉大吉一路15巷6號","1950"
"黃金屋","宜蘭縣 五結鄉公園一路19號","2800"
"羅騰堡莊園","宜蘭縣 五結鄉公園二路148號","3300"
"依依不捨","宜蘭縣 五結鄉協和村親河路二段103巷1弄7號","1600"
"香草星空","宜蘭縣 五結鄉錦眾村大眾北路25號","3000"
"美麗人生","宜蘭縣 五結鄉大吉村大吉二路456號","2500"
"伊莎愛莉民宿","宜蘭縣 五結鄉季新村新店路133之8號","2000"
"風清雅筑","宜蘭縣 五結鄉公園路136號","2200"
"水雲軒","宜蘭縣 五結鄉協和村親河路一段180巷5弄11號","3000"
"輕鬆一下","宜蘭縣 五結鄉福興村新一路31號","2200"
"旅刻","宜蘭縣 五結鄉協和村親河路一段180巷5弄3號","1500"
"冬之戀","宜蘭縣 五結鄉親河路二段58巷9弄20號","2000"
"留白水岸會館","宜蘭縣 五結鄉新店路168號","4800"
"風情萬種渡假會館","宜蘭縣 五結鄉三興村溪濱路三段37號","2800"
"聖荷緹渡假城堡","宜蘭縣 五結鄉大吉村大吉一路316號","2500"
"阿爾卑斯莊園","宜蘭縣 五結鄉親河路二段88巷37號","2800"
"蘭陽溪口海景民宿","宜蘭縣 五結鄉錦眾村溪濱路一段129號","2400"
"香屋","宜蘭縣 五結鄉協和村親河路二段103巷1弄12號","1600"
"玫瑰國度民宿","宜蘭縣 五結鄉協和村親河路二段103巷3弄3號","1600"
"福爾摩沙渡假會館","宜蘭縣 五結鄉孝威村孝威南路23之39號","1800"
"奧羅拉風格民宿","宜蘭縣 五結鄉協和村親河路二段58巷79號","2200"
"浮線發想之島","宜蘭縣 五結鄉錦眾村五結路1段376巷2號","12500"
"戀戀小棧","宜蘭縣 五結鄉親河路二段103巷3弄11號","1600"
"河風精緻民宿","宜蘭縣 五結鄉協和村親河路2段103巷1弄2號","1600"
"熙緹歐風民宿","宜蘭縣 五結鄉協和村親河路2段291巷51弄8號","2000"
"大好親水河畔民宿","宜蘭縣 五結鄉協和村親河路一段180巷30號","2400"
"王子與公主的家","宜蘭縣 五結鄉孝威村五結路一段419巷100號","1300"
"晴天娃娃","宜蘭縣 五結鄉協和村親河路二段103巷1弄1號","1600"
"蛙塘民宿","宜蘭縣 五結鄉錦眾村錦草路139號","1900"
"羽過天輕","宜蘭縣 五結鄉公園一路86號","4200"
"英格蘭小古堡","宜蘭縣 五結鄉大吉村大吉東路33巷11號","4300"
"冬山河農莊","宜蘭縣 五結鄉協和村協和中路12-20號","2300"
"宜蘭情民宿","宜蘭縣 五結鄉孝威村孝威路88號","990"
"喜相逢鄉村民宿","宜蘭縣 五結鄉孝威村孝威路86號","1000"
"北歐民宿","宜蘭縣 五結鄉協和村協和路40巷88號","1600"
"幸福腳印","宜蘭縣 五結鄉孝威路377號","2600"
"心湖夢幻城堡","宜蘭縣 五結鄉錦眾村大眾路33-53號","2800"
"煙波庭","宜蘭縣 五結鄉公園三路49號","2200"
"玩咖民宿","宜蘭縣 五結鄉親河路二段291巷52弄25號","1980"
"那一小片時光","宜蘭縣 五結鄉親河路二段103巷3弄15號","1200"
"FUN輕鬆渡假會館","宜蘭縣 五結鄉大吉五路181巷51號","2000"
"孝威豪華渡假民宿","宜蘭縣 五結鄉孝威村五結路二段40號","1500"
"冬山河左岸民宿","宜蘭縣 五結鄉協和村親河路2段103巷1弄10號","1600"
"古風城民宿","宜蘭縣 五結鄉親河路一段210號","2000"
"點點民宿","宜蘭縣 五結鄉公園三路109號","2200"
"極簡旅行民宿","宜蘭縣 五結鄉五結路一段469巷17弄7號","1800"
"珍珍民宿","宜蘭縣 五結鄉協和村公園三路87號","1488"
"堤亞瓦舍","宜蘭縣 五結鄉協和村公園三路7號","1200"
"逗點休閒民宿","宜蘭縣 五結鄉協和村親河路2段103巷1弄6號","1500"
"水雲山莊民宿","宜蘭縣 五結鄉協和村親河路2段291巷51弄6號","1700"
"夏日小徑民宿","宜蘭縣 五結鄉協和村親河路2段103巷1弄16號","1500"
"心適軒","宜蘭縣 五結鄉錦眾村大眾北路15之7號","2000"
"設計師的家","宜蘭縣 五結鄉孝威村孝威一路138號","2900"
"宜蘭和莊渡假別墅","宜蘭縣 五結鄉協和村五結路2段155巷69號","1000"
"日照農莊","宜蘭縣 五結鄉大吉村大吉東路33巷1弄71號","1980"
"櫻花自然民宿","宜蘭縣 五結鄉協和村協和中路11之9號","2200"
"楓情雅舍","宜蘭縣 五結鄉大吉村大吉東路4-1號","1880"
"陽光故鄉","宜蘭縣 五結鄉公園二路58號","2400"
"我們這一班","宜蘭縣 五結鄉成興村利成路一段380巷3號","1750"
"8號王國","宜蘭縣 五結鄉親河路二段291巷51弄10號","2000"
"向陽2號","宜蘭縣 五結鄉錦眾村大眾路2-3號","2500"
"家福傳藝會舘","宜蘭縣 五結鄉五濱路二段191巷28號","2500"
"金洙椏","宜蘭縣 五結鄉協和中路17之27號","2200"
"城市角落","宜蘭縣 五結鄉親河路一段180巷5弄9號","1900"
"Happy day","宜蘭縣 五結鄉親河路二段103巷1弄5號","1600"
"歡樂滿屋","宜蘭縣 五結鄉孝威路393號","2000"
"畢卡索民宿","宜蘭縣 五結鄉錦眾村五結路一段180號","1800"
"總裁四季會館","宜蘭縣 五結鄉傳藝路一段528號",""
"晨園","宜蘭縣 五結鄉公園一路110號","2800"
"小魚的家","宜蘭縣 五結鄉利澤村利成路二段228號","1800"
"逢春園","宜蘭縣 大同鄉松羅村玉蘭20號","2900"
"好望角景觀別墅","宜蘭縣 大同鄉松羅村玉蘭46號","2400"
"櫻悅景觀渡假別墅","宜蘭縣 大同鄉松羅村玉蘭75號","3000"
"雅廬景觀渡假別墅","宜蘭縣 大同鄉松羅村玉蘭36號","2800"
"山禾居","宜蘭縣 大同鄉松羅村玉蘭20之6號","3500"
"太平山微丹","宜蘭縣 大同鄉松羅村玉蘭10之9號","3300"
"玉蘭山徑小木屋","宜蘭縣 大同鄉松羅村玉蘭38號","2600"
"香林茶園民宿","宜蘭縣 大同鄉崙埤村林家8號","1800"
"牡庫．夏民宿","宜蘭縣 大同鄉崙埤村2鄰崙埤18號","2200"
"英仕山莊民宿","宜蘭縣 大同鄉英士村泰雅路三段21巷1號","2200"
"樂森活","宜蘭縣 蘇澳鎮武荖坑路91之1號","4000"
"閑居民宿","宜蘭縣 蘇澳鎮隆恩路48之2號","2200"
"蕾米斯","宜蘭縣 蘇澳鎮存仁里大業路56號","2000"
"玉荷塘","宜蘭縣 蘇澳鎮新城里武荖坑路92號","1800"
"小飛俠民宿","宜蘭縣 蘇澳鎮新城里武荖坑路116號","1600"
"巴黎鐵塔","宜蘭縣 羅東鎮新群南路191巷1號","1980"
"踢被屋","宜蘭縣 羅東鎮四維路153巷17號","2800"
"果實民宿","宜蘭縣 羅東鎮豐年路54號","3000"
"調色盤","宜蘭縣 羅東鎮復興路2段261巷75弄26號","5600"
"易和屋","宜蘭縣 羅東鎮新群南路205之1號","2000"
"宜蘭outside旅店","宜蘭縣 羅東鎮復興路三段75巷152號","3000"
"小時光","宜蘭縣 羅東鎮新群南路191巷5號","2400"
"八方景天墅北美館","宜蘭縣 羅東鎮西安街","2480"
"巴黎左岸","宜蘭縣 羅東鎮新群南路199號","1780"
"好漾民宿","宜蘭縣 羅東鎮復興路二段307巷83號","3200"
"夏米去散步","宜蘭縣 羅東鎮復興路三段456巷68號","2800"
"宜蘭羅東田田圈","宜蘭縣 羅東鎮竹林街423號","2500"
"樸園","宜蘭縣 羅東鎮復興路三段157巷60弄48號","1800"
"木棉道美學商旅","宜蘭縣 羅東鎮中山路三段306號","2860"
"貝悅民宿","宜蘭縣 羅東鎮忠孝新村21號","2200"
"祥瑞憩心居","宜蘭縣 羅東鎮河濱路126號","3080"
"幸福YES","宜蘭縣 羅東鎮公正街87號","1500"
"拉圖爾小旅店","宜蘭縣 羅東鎮維揚路","3000"
"格子B&B","宜蘭縣 羅東鎮復興路二段261巷92號","3600"
"貓腳印","宜蘭縣 羅東鎮四維路156巷6號","2480"
"幸福三百米","宜蘭縣 羅東鎮新群南路191巷11號","2800"
"英倫印度","宜蘭縣 羅東鎮月眉路519巷20號","2200"
"北成庄","宜蘭縣 羅東鎮北成路二段135巷55號","2300"
"綠莊合","宜蘭縣 羅東鎮新群里新群三路282號","2600"
"綠之庭","宜蘭縣 羅東鎮北成里北成路二段136巷2弄17號","2365"
"紅煙囪","宜蘭縣 羅東鎮河濱路23巷5弄6號","2800"
"大粒丸民宿","宜蘭縣 羅東鎮復興路三段75巷198號","2200"
"松滿緣民宿","宜蘭縣 羅東鎮復興路三段75巷258號","1350"
"月牙泉","宜蘭縣 羅東鎮北投街221號","2400"
"靜園","宜蘭縣 羅東鎮河濱路300號","3000"
"箱根亞蔓尼","宜蘭縣 羅東鎮富農路三段3號","1300"
"三月三","宜蘭縣 羅東鎮河濱路226號","5800"
"月眉休閒農場","宜蘭縣 羅東鎮富農路三段240巷33號","2600"
"公園61號","宜蘭縣 羅東鎮忠孝新村61號","3000"
"羅東雲朵朵","宜蘭縣 羅東鎮北投街70號","1700"
"香草熊夜市旅宿","宜蘭縣 羅東鎮天津路","1400"
"冬之戀行館","宜蘭縣 羅東鎮新群五路213號","2800"
"祕境13","宜蘭縣 羅東鎮忠孝新村13號","2800"
"享亨民宿","宜蘭縣 羅東鎮中山路二段139號","1500"
"森活風格B&B","宜蘭縣 羅東鎮忠孝新村23號","2800"
"輕綠舍","宜蘭縣 羅東鎮月眉路546巷10號","1500"
"香榭民宿","宜蘭縣 羅東鎮北投街223號","2000"
"福緣民宿","宜蘭縣 羅東鎮新群北路173巷15號","1500"
"綠之園","宜蘭縣 羅東鎮北成路二段136巷2弄19號","2365"
"采亨時尚民宿","宜蘭縣 羅東鎮中山路二段87號","2300"
"運動家民宿","宜蘭縣 羅東鎮四維路155巷12號","1980"
"歐嗨優小棧","宜蘭縣 羅東鎮復興路三段388巷28號","2000"
"尚閤屋民宿","宜蘭縣 羅東鎮新群五路60巷3號","2000"
"箱根卡迪爾","宜蘭縣 羅東鎮月眉路57號","1700"
"鄉村小棧","宜蘭縣 羅東鎮新群南路191巷7號","1900"
"夏爾民宿","宜蘭縣 羅東鎮河濱路23巷1弄16號","2500"
"薇嬁民宿","宜蘭縣 羅東鎮月眉路443號","2200"
"內行家田園民宿","宜蘭縣 羅東鎮中山路二段2巷30弄7號","2800"
"河畔小熊","宜蘭縣 羅東鎮新群五路56號","1500"
"紐約紐約","宜蘭縣 羅東鎮復興路三段388巷26號","2880"
"大南澳民宿","宜蘭縣 南澳鄉南強里南澳路38-1號","600"
"何家民宿","花蓮縣 花蓮市府前路524號","800"
"依九九九","花蓮縣 花蓮市民國路80巷5號","2380"
"知了居","花蓮縣 花蓮市水源街55巷18號","1800"
"風信子","花蓮縣 花蓮市東興二街28巷78號","1800"
"白色棉花糖","花蓮縣 花蓮市國興五街132之8號","1680"
"微甜彩虹","花蓮縣 花蓮市民主里北濱街12巷12號","1800"
"新港77villa","花蓮縣 花蓮市國威里新港街77號","2000"
"站前小保","花蓮縣 花蓮市國民八街100號","1000"
"星空與嵐","花蓮縣 花蓮市國福里佐倉街265號","2200"
"阿慢","花蓮縣 花蓮市信義街文化創意園區附近","1800"
"小晴天","花蓮縣 花蓮市民德一街158號","3600"
"紐約民宿","花蓮縣 花蓮市中美路34號","600"
"歐洲之星民宿","花蓮縣 花蓮市中正路354號","1280"
"國王陛下","花蓮縣 花蓮市節約街13號","2000"
"愛麗絲","花蓮縣 花蓮市國慶里中山路一段138巷17之3號","1680"
"慢慢旅行","花蓮縣 花蓮市博愛街174-2號","2000"
"輕井澤","花蓮縣 花蓮市重慶路77號","1800"
"情定花蓮","花蓮縣 花蓮市建中街30號","1500"
"阿里巴巴","花蓮縣 花蓮市中順街132號","1700"
"觀月民宿","花蓮縣 花蓮市國民八街92號","1300"
"南京222民宿","花蓮縣 花蓮市南京街222號","1700"
"你會紅","花蓮縣 花蓮市國盛五街21之2號","1500"
"雙魚6號","花蓮縣 花蓮市東興三街6號","1600"
"萩閣民宿","花蓮縣 花蓮市復興街82之1號","1500"
"開心居民宿","花蓮縣 花蓮市中正路572號","900"
"闔家歡の民宿","花蓮縣 花蓮市德安四街18號","2000"
"希臘仙境民宿","花蓮縣 花蓮市北濱街102-2號","1800"
"中山330民宿","花蓮縣 花蓮市中山路330號","1700"
"市區海邊海民宿","花蓮縣 花蓮市民權八街21號","1600"
"日安墅民宿","花蓮縣 花蓮市水源街57號","2200"
"貝拉利亞","花蓮縣 花蓮市民族路57號","1400"
"歡樂堡","花蓮縣 花蓮市中強街102號","1300"
"小旅行迷你公寓","花蓮縣 花蓮市國聯一路103號","650"
"美麗海","花蓮縣 花蓮市北濱街75號","1500"
"向日廣場民宿","花蓮縣 花蓮市港濱路35之1號","2250"
"貝森朵夫莊園","花蓮縣 花蓮市","2600"
"法札納鄉村民宿","花蓮縣 花蓮市德安一街五號","2300"
"逸墅會館","花蓮縣 花蓮市忠義三街18號","1500"
"城市阿瑪菲","花蓮縣 花蓮市國興五街132之16號","1680"
"猴子衝浪背包客","花蓮縣 花蓮市國安里10鄰進豐街5之1號","498"
"城市家園民宿","花蓮縣 花蓮市大同街30號","2000"
"花漾蓮芯民宿","花蓮縣 花蓮市富吉路92號","1980"
"水岸小築","花蓮縣 花蓮市長安街30號","2000"
"綠窗小築","花蓮縣 花蓮市國風街21巷19號","1600"
"島國BALI","花蓮縣 花蓮市林榮街36號","2180"
"麗都小築","花蓮縣 花蓮市府前路340號","1500"
"夢田信箱","花蓮縣 花蓮市建國路二段122巷21號","1800"
"玫瑰花園","花蓮縣 花蓮市公園路7之1號","2000"
"漫遊舍","花蓮縣 花蓮市國聯二路82-1號","1000"
"迴音谷森林民宿","花蓮縣 花蓮市國福街289巷168弄21號","2000"
"花簷巧隅民宿","花蓮縣 花蓮市球崙二路13號","1200"
"白色風車民宿","花蓮縣 花蓮市康樂街3巷2號","1500"
"坐看雲起","花蓮縣 花蓮市國民八街135號","1200"
"幸福屋","花蓮縣 花蓮市國民八街98號","1300"
"美麗家","花蓮縣 花蓮市國民八街96號","1300"
"生活故事","花蓮縣 花蓮市國興四街2巷2號","1600"
"夏慕尼民宿","花蓮縣 花蓮市菁華街35巷1弄9號","2700"
"東方之星民宿","花蓮縣 花蓮市仁和街7號","1600"
"小熊森林民宿","花蓮縣 花蓮市南京街57巷7號","1800"
"希望海民宿","花蓮縣 花蓮市民德四街3號","1800"
"眠月樓民宿","花蓮縣 花蓮市華泰街69號","1500"
"美那多","花蓮縣 花蓮市福建街64號","1700"
"發現民宿","花蓮縣 花蓮市國聯二路105號","1300"
"潘朵拉的希望城堡","花蓮縣 花蓮市中山路411巷16號","2160"
"站前綠地","花蓮縣 花蓮市豐村36之11號","1300"
"海天依舍","花蓮縣 花蓮市林園一街3號","1350"
"女王萬歲","花蓮縣 花蓮市國盛里國民八街111號","2100"
"幸福旅人","花蓮縣 花蓮市福建街162-2號","1400"
"水上民宿","花蓮縣 花蓮市中山路525巷2弄12號","1000"
"樸耕居","花蓮縣 花蓮市球崙一路215巷16號","1400"
"愛丁堡民宿","花蓮縣 花蓮市中強街126之3號","1800"
"戀戀楓情","花蓮縣 花蓮市明心街1之35號","1080"
"白舍Villa","花蓮縣 花蓮市府前路224巷1號","3900"
"海傳民宿","花蓮縣 花蓮市海濱街4號","2900"
"五號小築民宿","花蓮縣 花蓮市華興街11巷5號","1200"
"小熊城堡民宿","花蓮縣 花蓮市東興二街26號","1600"
"胡桃鉗童話民宿","花蓮縣 花蓮市介林六街48號","1600"
"水雲鄉山景民宿","花蓮縣 花蓮市建興街59巷18號","1600"
"塞維爾鄉村旅店","花蓮縣 花蓮市忠義二街53-5號","2000"
"奇檬子民宿","花蓮縣 花蓮市中山路330-1號","2000"
"狗go快樂寵物民宿","花蓮縣 花蓮市美崙區球崙二路52巷25號","1500"
"馬略卡天空","花蓮縣 花蓮市國興五街132之7號","1600"
"說時依舊","花蓮縣 花蓮市節約街六號","1500"
"志耕農","花蓮縣 花蓮市和平路336號7樓","500"
"旅咖&cafe","花蓮縣 花蓮市富裕五街172號","1300"
"柚子家民宿","花蓮縣 花蓮市北濱街 43 號","1200"
"生活就是-美崙館","花蓮縣 花蓮市東興二街78號","1400"
"36號燈塔民宿","花蓮縣 花蓮市海濱街36號","2500"
"簡單民宿","花蓮縣 花蓮市國強里國民28-6號","1300"
"聽海民宿","花蓮縣 花蓮市北濱街102號(自強街13號)","1800"
"外灘31民宿","花蓮縣 花蓮市中華路31號","1700"
"美崙遊記","花蓮縣 花蓮市中興路179號","1200"
"客至軒","花蓮縣 花蓮市府前路122-1號","1680"
"雅緻小築","花蓮縣 花蓮市林園一街7號","1400"
"過院來民宿","花蓮縣 花蓮市民權九街1巷11號","1600"
"水名漾民宿","花蓮縣 花蓮市水源街55巷30號","1800"
"溫家堡民宿","花蓮縣 花蓮市富裕14街19號","1200"
"小胖的夢想家","花蓮縣 花蓮市華廈街43號","1200"
"美樂地民宿","花蓮縣 花蓮市民德一街13號","1400"
"花之戀民宿","花蓮縣 花蓮市福建街92巷45號","1280"
"花蓮曼波民宿","花蓮縣 花蓮市國盛五街9號","1200"
"展奇園經典民宿","花蓮縣 花蓮市國興三街75號","1600"
"花蓮小鯨魚","花蓮縣 花蓮市球崙二路237號","1200"
"約在這裡民宿","花蓮縣 花蓮市東興一街1-2號","1300"
"東之戀民宿","花蓮縣 花蓮市國民七街10號","1100"
"飛航家民宿","花蓮縣 花蓮市康樂街2之1號","1400"
"春天花園民宿","花蓮縣 花蓮市球崙一路269號","1600"
"東風雅舍民宿","花蓮縣 花蓮市自由街116號","1680"
"種籽民宿","花蓮縣 花蓮市東興二街12巷41號","1300"
"雲宿海岸民宿","花蓮縣 花蓮市五權街6-1號","900"
"2點1線民宿","花蓮縣 花蓮市林森路328-2號","1800"
"張三ㄟ厝民宿","花蓮縣 花蓮市自由街102號","800"
"瑛瑛的秘密花園","花蓮縣 花蓮市華興街11巷1號","1200"
"意思風情","花蓮縣 花蓮市國興四街2巷8號","1200"
"花舍精緻民宿","花蓮縣 花蓮市明智街78號","1600"
"浪漫滿屋民宿","花蓮縣 花蓮市仁和街13號","1300"
"太陽花民宿","花蓮縣 花蓮市富吉路94號","1280"
"溫馨小棧民宿","花蓮縣 花蓮市仁和街12號","1400"
"松露民宿","花蓮縣 花蓮市民德一街21-3號","1600"
"椰風時尚民宿","花蓮縣 花蓮市中山路411巷18號","800"
"洄瀾的家","花蓮縣 花蓮市國興四街2巷18號","1200"
"藍海民宿","花蓮縣 花蓮市中興路66號","1400"
"向晴民宿","花蓮縣 花蓮市中山路411巷12弄1號","1400"
"涵星民宿","花蓮縣 花蓮市中山路411巷12弄3號","1400"
"海濱民宿","花蓮縣 花蓮市福建街271號","1000"
"偕安民宿","花蓮縣 花蓮市國強里國民17、18號","1200"
"微風民宿","花蓮縣 花蓮市中山路525巷2弄15號","1200"
"旅行者之家","花蓮縣 花蓮市國聯二路82號","900"
"雀兒喜","花蓮縣 花蓮市化道路148號","1100"
"菁華河畔","花蓮縣 花蓮市菁華街35巷1弄18號","1600"
"雲天別館","花蓮縣 花蓮市介林五街113號","2500"
"家麗堡","花蓮縣 花蓮市富強路189號","1280"
"亮麗屋","花蓮縣 花蓮市中順街152號","1280"
"大寶的民宿","花蓮縣 花蓮市建華路79號","1650"
"禾楓民宿","花蓮縣 花蓮市建成街110巷19號","1200"
"春綠小築","花蓮縣 花蓮市府前路308-5號","1380"
"愛上不老海洋","花蓮縣 花蓮市海濱街16號","2500"
"42度彩虹海景","花蓮縣 花蓮市海濱街16-1號","2700"
"五餅二魚看海民宿","花蓮縣 花蓮市海濱街18號","2500"
"6號美宿館","花蓮縣 花蓮市國盛八街95號","1800"
"小阿姨的家民宿","花蓮縣 花蓮市順興路303號","1200"
"亞美民宿","花蓮縣 花蓮市莊敬路269號","1500"
"世外桃園","花蓮縣 花蓮市豐村36-10號","1600"
"堤堤民宿","花蓮縣 花蓮市富裕一街122號","1000"
"香屋民宿","花蓮縣 花蓮市華廈街54巷16號","1000"
"碧夏民宿","花蓮縣 花蓮市自由街110巷7號","2400"
"巧緣民宿","花蓮縣 花蓮市福建街92巷42號","1380"
"慢點海景民宿","花蓮縣 花蓮市海濱街68號","2400"
"艾波朵民宿","花蓮縣 花蓮市東興二街28巷67弄5號","1680"
"後站瑜心民宿","花蓮縣 花蓮市富裕一街7巷1弄19號","1500"
"吹吹海風","花蓮縣 花蓮市民權九街7號","1200"
"信義之家","花蓮縣 花蓮市信義街17-1號3樓","1400"
"黑熊國際背包客棧","花蓮縣 花蓮市國民十二街32之1號","424"
"薇雅花苑","花蓮縣 花蓮市中華路426號","1200"
"翰林居","花蓮縣 花蓮市富吉路2號","1000"
"鼎翔民宿","花蓮縣 花蓮市北興路42號","1700"
"奇豆民宿","花蓮縣 花蓮市和平路543號","1580"
"黃金城堡民宿","花蓮縣 花蓮市民德二街21號","1800"
"上海時光","花蓮縣 花蓮市上海街172之1號","1700"
"花蓮賞鯨泛舟民宿","花蓮縣 花蓮市建華路89巷1號","1000"
"川流不息","花蓮縣 花蓮市長安街2之3號","1600"
"柏園民宿","花蓮縣 花蓮市富裕五街66號","1200"
"意善友","花蓮縣 花蓮市博愛街136號","500"
"帝爾民宿","花蓮縣 花蓮市博愛街220巷7之1號","1680"
"達魯瑪民宿","花蓮縣 花蓮市大同街31號","1700"
"北濱霓虹","花蓮縣 花蓮市光華街10號","2000"
"朗文藝術風情民宿","花蓮縣 花蓮市博愛街221號","2600"
"綠喬治民宿","花蓮縣 花蓮市國興四街41號","1680"
"島國熊貓青年民宿","花蓮縣 花蓮市國興三街64號","400"
"楓之宿","花蓮縣 花蓮市國民十二街32號","1600"
"普立堤","花蓮縣 花蓮市民孝街50號","2000"
"小旅宿民宿","花蓮縣 花蓮市軒轅路13之1號","1500"
"義蓮民宿","花蓮縣 花蓮市裕民路109號","1480"
"北吉光輕旅青年旅館","花蓮縣 花蓮市中山路601巷1弄19號","500"
"放花蓮背包客棧","花蓮縣 花蓮市國盛一街228號","450"
"天扉旅棧","花蓮縣 花蓮市北昌一街47號","2200"
"艾米卡薩","花蓮縣 花蓮市中順街29號","1680"
"雲水小築","花蓮縣 花蓮市博愛街178之10號","1000"
"瑪莉亞民宿","花蓮縣 花蓮市府前路318號","1800"
"N.P大宅房","花蓮縣 花蓮市吉安鄉南埔16街31號","1800"
"汎特希","花蓮縣 花蓮市國聯一路149號","2000"
"愛家民宿","花蓮縣 花蓮市民運里民族路39號","2000"
"幸福163","花蓮縣 花蓮市中正路163號","980"
"碧海樓","花蓮縣 花蓮市建興街38號","1200"
"馨憶民宿","花蓮縣 花蓮市南京街218號","1400"
"雲天樓","花蓮縣 花蓮市建興街56號","2500"
"涵庭民宿","花蓮縣 花蓮市中山路一段229號","1600"
"秋合民宿","花蓮縣 花蓮市節約街20之1號","1500"
"阡豪行腳之家","花蓮縣 花蓮市廣東街198號","1200"
"踏浪小築","花蓮縣 花蓮市民孝里東興二街18巷5號","2200"
"君典家","花蓮縣 花蓮市國聯一路215號","1600"
"幸福棉花糖","花蓮縣 花蓮市豐村路89之10號","1500"
"花漾村聲民宿","花蓮縣 花蓮市林政街53號","2000"
"拉維洛海洋民宿","花蓮縣 花蓮市海濱街71號","2800"
"橘子糖民宿","花蓮縣 花蓮市進豐街113巷1弄11號","1680"
"海邊邊民宿","花蓮縣 花蓮市海濱街15號","2000"
"晴空客棧","花蓮縣 花蓮市建林街18號","485"
"繆斯民宿","花蓮縣 花蓮市中強街151號","1500"
"皇佳民宿","花蓮縣 花蓮市富裕12街20號","1500"
"雙子星民宿","花蓮縣 花蓮市富裕六街22號","1580"
"向日葵民宿","花蓮縣 花蓮市富陽路12號","2080"
"葳森家","花蓮縣 花蓮市廣東街286號","1600"
"白色階梯","花蓮縣 花蓮市國聯里國興五街132之15號","1600"
"花間巷弄","花蓮縣 花蓮市豐村89之11號","1800"
"家有囍宿","花蓮縣 花蓮市建華路59號","1600"
"花蓮香風","花蓮縣 花蓮市國盛里國民九街61號","2000"
"藍天白雲","花蓮縣 花蓮市國盛二街9之3號","1100"
"Sleeping Boot","花蓮縣 花蓮市進豐街73號","500"
"窗外民宿","花蓮縣 花蓮市國聯二路102號","1200"
"雲沐月","花蓮縣 花蓮市府前路300號","2000"
"法斯特","花蓮縣 花蓮市國富里國富18街2之1號","1300"
"來看海Ocean103","花蓮縣 花蓮市海濱街103號","2100"
"水悅雅築民宿","花蓮縣 花蓮市富裕十五街68號","1300"
"晶藍色美人魚","花蓮縣 花蓮市北濱街33號","1599"
"陽光海岸民宿","花蓮縣 花蓮市民有里康樂街2號","1200"
"怡然居","花蓮縣 花蓮市建德街50號","2800"
"浪淘沙民宿","花蓮縣 花蓮市海濱街20號","1800"
"阿姐民宿","花蓮縣 花蓮市豐村105之29號","1000"
"洄瀾雅舍","花蓮縣 花蓮市國聯二路78號","1300"
"星光海岸民宿","花蓮縣 花蓮市介壽3街2-5號","2000"
"密絲朵民宿","花蓮縣 花蓮市國民8街104-1號","1500"
"喜來登民宿","花蓮縣 花蓮市信義街123-1號","1680"
"優比的家","花蓮縣 花蓮市國興六街13號","1400"
"楓茂民宿","花蓮縣 花蓮市國興五街122號","900"
"白色沙灘海景民宿","花蓮縣 花蓮市海濱街85號","2000"
"禾軒","花蓮縣 花蓮市國盛四街78號","1000"
"芝麻開門民宿","花蓮縣 花蓮市長春街11巷6號","1680"
"芷心園民宿","花蓮縣 花蓮市國盛二街54號",""
"風鈴木民宿","花蓮縣 花蓮市國興五街132之15號","1400"
"足跡民宿","花蓮縣 花蓮市中正路178號","1400"
"70年代","花蓮縣 花蓮市民運里忠義二街53之3號","2000"
"海潮假期","花蓮縣 花蓮市和平路306號","1200"
"貓耳朵海景屋","花蓮縣 花蓮市大廈(夏)街10號","1000"
"哈囉背包旅店","花蓮縣 花蓮市順興路293號","600"
"35號鄉民宿所","花蓮縣 花蓮市國富十街35號","1300"
"311驛棧","花蓮縣 花蓮市中山路311號","1500"
"情定愛琴海","花蓮縣 花蓮市長安街28號","2000"
"席拉庫莎","花蓮縣 花蓮市中興路259號","2000"
"米羅","花蓮縣 花蓮市東興三街8號","2000"
"城市角落(中山館)","花蓮縣 花蓮市中山路一段138巷17號","1500"
"開心民宿","花蓮縣 花蓮市建國路210號","1800"
"小城堡","花蓮縣 花蓮市上海街19號","1100"
"曼普勒斯","花蓮縣 花蓮市中美路275-23號","2600"
"比拉迦","花蓮縣 花蓮市東興二街28巷88號","1200"
"香氛居家","花蓮縣 花蓮市介智街35巷6號","2400"
"國光民宿","花蓮縣 花蓮市中正路110巷28號","1800"
"歡天喜地民宿","花蓮縣 花蓮市富強路132之1號","1800"
"海洋風情","花蓮縣 花蓮市東興二街28巷86號","1500"
"漁家樂民宿","花蓮縣 花蓮市三民街102號","2000"
"看見鐵道民宿","花蓮縣 花蓮市自由街128之5號","1980"
"心葉蔓綠","花蓮縣 花蓮市吉安鄉明義五街34巷4號","1200"
"城市生活-海景套房","花蓮縣 花蓮市海濱街8號",""
"Aires艾利斯","花蓮縣 花蓮市花蓮市國盛八街123號","550"
"花田香","花蓮縣 花蓮市莊敬路347號","1280"
"花蓮站前背包客","花蓮縣 花蓮市國聯一路67號","1200"
"看見298旅人行館","花蓮縣 花蓮市府前路298號","1800"
"相遇民宿","花蓮縣 花蓮市中正路169巷1-1號","1400"
"1945小木屋","花蓮縣 花蓮市三民街3之1號","3600"
"花蓮後站別館","花蓮縣 花蓮市富強路246號6樓之3","800"
"近來 背包客棧","花蓮縣 花蓮市國聯二路150號","500"
"禮樂民宿","花蓮縣 花蓮市中央路三段830號","1680"
"巷小包二房","花蓮縣 花蓮市大廈街1巷1號","3200"
"華園民宿","花蓮縣 花蓮市中山路一段318巷75弄15號","1200"
"小王子玫瑰園","花蓮縣 花蓮市東興一街107號","1800"
"齊亞風情","花蓮縣 花蓮市德安四街53號","2000"
"蜂巢膠囊","花蓮縣 花蓮市國民十街1號","650"
"情海民宿","花蓮縣 花蓮市海濱街81號","2200"
"璞拉漫","花蓮縣 花蓮市民權六街31號","1800"
"小羊房旅行客棧","花蓮縣 花蓮市延平街148巷5號","500"
"美地館","花蓮縣 花蓮市中正路359-6號","2300"
"泰迪與朋友","花蓮縣 花蓮市國民六街58號","2000"
"秘密基地","花蓮縣 花蓮市國聯二路120號","1200"
"天空House","花蓮縣 花蓮市中華路327號","2000"
"閑人居","花蓮縣 花蓮市中華路278號","1200"
"燈塔旅人","花蓮縣 花蓮市海濱街128號","2500"
"雅昀民宿","花蓮縣 花蓮市中央路四段90號","1600"
"十街民宿","花蓮縣 花蓮市國富十街39號","900"
"站前民宿","花蓮縣 花蓮市國興六街21巷6號","2000"
"松海與花","花蓮縣 花蓮市水源街75號","2000"
"看海覓境客棧","花蓮縣 花蓮市民樂二街11之4號","450"
"花蓮臻棧","花蓮縣 花蓮市中央路四段278號","2600"
"仁愛小公館","花蓮縣 花蓮市南京街192號","2000"
"角舍背包客棧","花蓮縣 花蓮市中山路743號","520"
"繽紛台灣青年旅館","花蓮縣 花蓮市富強路121號","520"
"芳草古樹民宿","花蓮縣 鳳林鎮大榮里中和路71號","2480"
"鳳凰52民宿","花蓮縣 鳳林鎮鳳義里鳳凰路52號","2600"
"鳳凰花園別墅","花蓮縣 鳳林鎮鳳義里鳳凰路58號","1750"
"水車寮","花蓮縣 鳳林鎮林榮里水車路57號","2000"
"大方民宿","花蓮縣 鳳林鎮林榮里榮開路168號","1560"
"康晨有機果園民宿","花蓮縣 鳳林鎮北林里平康路5號","1500"
"余家莊","花蓮縣 鳳林鎮大榮里大榮三路21號","1200"
"有情天地民宿","花蓮縣 鳳林鎮公園路50巷2弄7號","1500"
"心悅民宿","花蓮縣 鳳林鎮水車路34-12號","2200"
"樟之園民宿","花蓮縣 鳳林鎮林榮里林榮路235號","1500"
"靜園池畔","花蓮縣 鳳林鎮林榮里永康路220號","2400"
"橄欖樹農坊","花蓮縣 鳳林鎮永豐路37號","2500"
"繽紛小鎮民宿","花蓮縣 鳳林鎮長橋里長德街10號","1200"
"紐澳華山莊","花蓮縣 玉里鎮樂合里溫泉41之5號","2200"
"歐鄉信義","花蓮縣 玉里鎮中城里信義路8號","1200"
"加賀屋","花蓮縣 玉里鎮樂合里溫泉41-2號","1800"
"甲思町支旅","花蓮縣 玉里鎮忠孝路63號","3000"
"鏷石民宿","花蓮縣 玉里鎮中城里忠勇路62號","1200"
"加家民宿","花蓮縣 玉里鎮大禹里六鄰4之1號","1200"
"山灣水月會館","花蓮縣 玉里鎮樂合里溫泉41-8號","3300"
"衣牛農舍","花蓮縣 玉里鎮觀音里25鄰173-1號","1500"
"清悠嶺","花蓮縣 玉里鎮高寮72號","1200"
"旭日山莊","花蓮縣 玉里鎮泰昌里北平38號","1500"
"吉祥農莊","花蓮縣 玉里鎮樂合里溫泉35-6號","1600"
"智嵐雅居","花蓮縣 玉里鎮大禹里酸柑98-1號","1600"
"田園民宿","花蓮縣 玉里鎮三民里三軒31-12號","600"
"金萱花民宿","花蓮縣 玉里鎮樂合里新民31號","1000"
"慢．生活","花蓮縣 新城鄉佳林村4鄰佳林18之5號","3500"
"阿魯娃藝宿館","花蓮縣 新城鄉順安村北三棧122號","2500"
"新城老街民宿","花蓮縣 新城鄉新城村2鄰博愛路24之3號","1200"
"海洋B&B","花蓮縣 新城鄉明潭街3號","1800"
"漫飛民宿","花蓮縣 新城鄉佳林村佳林16之7號","1800"
"汎水淩山","花蓮縣 新城鄉佳林村佳林2之1號","2080"
"福田民宿","花蓮縣 新城鄉康樂村精舍街88巷2號","1080"
"望海樓","花蓮縣 新城鄉大漢村七星街18號","2800"
"七星海民宿","花蓮縣 新城鄉大漢村明潭街8號","1500"
"東方戀人民宿","花蓮縣 新城鄉北埔村樹林街233巷2弄25號","1000"
"藍白拖．華馨民宿","花蓮縣 新城鄉大漢村華德街59號","1400"
"日月星民宿","花蓮縣 新城鄉大漢村明潭街1號","1800"
"花草集","花蓮縣 新城鄉順安村北三棧63號","1500"
"芸芸","花蓮縣 新城鄉大漢村大華街12號","900"
"七星潭海灣","花蓮縣 新城鄉七星街79巷25號","2400"
"聖誕宿","花蓮縣 新城鄉大華街10號","1000"
"曬太陽渡假別墅","花蓮縣 新城鄉佳林村民有二街46號","1600"
"海悅灣","花蓮縣 新城鄉順安村北三棧122之6號","4500"
"蘇西小空間","花蓮縣 新城鄉新城村中正路20號","420"
"幸運草","花蓮縣 新城鄉康樂村康樂一街26巷2號","900"
"樸實居","花蓮縣 新城鄉北埔村樹林街233巷1弄12號","900"
"小魚的家民宿","花蓮縣 新城鄉新城村中正路23巷23號","2000"
"李舍民宿","花蓮縣 新城鄉康樂村紫園巷1號","1600"
"靜思民宿","花蓮縣 新城鄉北埔村樹林街231-8號","800"
"有典懷念","花蓮縣 新城鄉嘉新村花師街33巷1號","1500"
"古井民宿","花蓮縣 新城鄉大漢村古井街5號","1200"
"太魯閣樺城","花蓮縣 新城鄉新城村中正路30號","700"
"七星燈塔民宿","花蓮縣 新城鄉七星街59號","2400"
"七星潭星海民宿","花蓮縣 新城鄉大漢村七星街79巷12號","2400"
"紫園民宿","花蓮縣 新城鄉康樂村紫園三巷8號","1200"
"微風晴園","花蓮縣 新城鄉福德路16之7號","1800"
"安安民宿","花蓮縣 新城鄉新城村新興路60號","800"
"七星彩虹","花蓮縣 新城鄉七星街79巷21號","2000"
"La Ruelle 巷宿","花蓮縣 吉安鄉永興六街118號","2000"
"花田鳥語民宿","花蓮縣 吉安鄉慶北一街195之1號","2000"
"柔伊史派克","花蓮縣 吉安鄉光華五街10號","2000"
"英倫情人","花蓮縣 吉安鄉自立路89巷8號","1600"
"初櫻.見晴","花蓮縣 吉安鄉干城村干城一街303號","2200"
"阿金的家","花蓮縣 吉安鄉干城村干城一街307號","2400"
"森林中","花蓮縣 吉安鄉仁安村18鄰知卡宣大道一段36號","2200"
"曼特寧","花蓮縣 吉安鄉太昌村明義三街36巷36號","2900"
"藍色海悅民宿","花蓮縣 吉安鄉仁安村19鄰海濱106-8號","2400"
"翔飛點心小棧","花蓮縣 吉安鄉華工六路90巷107號","2400"
"格瀾伍德民宿","花蓮縣 吉安鄉自立路二段39巷46號","2200"
"若水民宿","花蓮縣 吉安鄉慶豐村慶豐八街155之1號","1800"
"干城小鎮","花蓮縣 吉安鄉干城村干城一街305號","2000"
"浩澐民宿","花蓮縣 吉安鄉北昌村33鄰自強路541之2號","1900"
"風眠會館","花蓮縣 吉安鄉福興村舊村四街301號","2500"
"金澤居","花蓮縣 吉安鄉干城村干城二街121號","2200"
"羊兒煙囪","花蓮縣 吉安鄉南海九街11號","340"
"田秘密度假包棟民宿","花蓮縣 吉安鄉永興村文興街51號","1000"
"初見","花蓮縣 吉安鄉光華二街46巷16號","3000"
"艾日民宿","花蓮縣 吉安鄉仁里三街92號","1800"
"戀居民宿","花蓮縣 吉安鄉慈惠六街21號","1200"
"夏洛克","花蓮縣 吉安鄉干城二街125巷12號","2500"
"法洛米民宿","花蓮縣 吉安鄉干城村干城一街135號","2500"
"天外天民宿","花蓮縣 吉安鄉宜昌村吉祥五街50號","1400"
"花蓮七米二","花蓮縣 吉安鄉慈惠二街122號","1599"
"谷靜渡假民宿","花蓮縣 吉安鄉明義三街158號","2500"
"梅蘭美家民宿","花蓮縣 吉安鄉中山路一段115巷17號","1800"
"吉普賽民宿","花蓮縣 吉安鄉宜昌四街11號","1700"
"卡樂弗","花蓮縣 吉安鄉華工六路72巷42號","1300"
"歐妃庭民宿","花蓮縣 吉安鄉明仁一街107巷8號","2300"
"白陽山莊民宿","花蓮縣 吉安鄉南華村山下路258號","1800"
"石頭的家","花蓮縣 吉安鄉南濱路一段251巷26號","1800"
"香格里拉","花蓮縣 吉安鄉南海三街151號","1800"
"協奏曲民宿","花蓮縣 吉安鄉光華三街178號","1500"
"法那斯","花蓮縣 吉安鄉永興六街116號","2000"
"鬱金香花園城堡","花蓮縣 吉安鄉吉興二街330號","2200"
"日之出民宿","花蓮縣 吉安鄉勝安村中央路三段192號","1299"
"鄉貌民宿","花蓮縣 吉安鄉光華村知卡宣大道二段199號","2200"
"檜木居","花蓮縣 吉安鄉勝安村慈惠一街58號","2200"
"方家民宿","花蓮縣 吉安鄉光華一村一鄰華城七街401號","1800"
"那個年代","花蓮縣 吉安鄉慈惠五街38號","2800"
"東之旅民宿","花蓮縣 吉安鄉福興村福興路366巷7號","1200"
"雲頂民宿","花蓮縣 吉安鄉太昌村16鄰山邊136之2號","3150"
"山郡民宿","花蓮縣 吉安鄉福興村吉安路三段191號","1500"
"秦老爹民宿","花蓮縣 吉安鄉光華村海岸路785巷48之1號","1500"
"水庭田園民宿","花蓮縣 吉安鄉太昌村明義七街157號","1200"
"藍山會館","花蓮縣 吉安鄉太昌村山邊135號","3999"
"凱苑風格民宿","花蓮縣 吉安鄉稻香村廣豐路126號","1800"
"莊家堡田園民宿","花蓮縣 吉安鄉永安村明仁三街45號","1800"
"美麗晨曦","花蓮縣 吉安鄉太昌村明義二街16號","2400"
"花見幸福","花蓮縣 吉安鄉慶豐村中山路3段851號","2500"
"徐徐的溫度民宿","花蓮縣 吉安鄉仁和村中正路2段90號","2000"
"山石小窩","花蓮縣 吉安鄉永興村全民街31號3樓","3800"
"荷風藍亭民宿","花蓮縣 吉安鄉中山路二段87號","2280"
"秘密花園","花蓮縣 吉安鄉仁和村仁光81號","5000"
"茗新休閒花園民宿","花蓮縣 吉安鄉慶豐村慶豐十一街31號","500"
"雲香園民宿","花蓮縣 吉安鄉稻香村廣賢路1段238巷8號","1600"
"溫蒂花園","花蓮縣 吉安鄉太昌村明義六街25號","1700"
"峇里情人","花蓮縣 吉安鄉福興村福興七街459號","1900"
"吉吉小鎮民宿","花蓮縣 吉安鄉宜昌村吉祥四街16之1號","1100"
"京品花園民宿","花蓮縣 吉安鄉仁安村南海四街41號","1400"
"逸鄉休閒民宿","花蓮縣 吉安鄉太昌村明義五街93號","1500"
"蒲舍優質民宿","花蓮縣 吉安鄉勝安村勝安二街35巷2號","1500"
"小王子民宿","花蓮縣 吉安鄉仁安村海岸路645巷42弄9號","1400"
"青山河畔民宿","花蓮縣 吉安鄉慶豐村北安街181號","1800"
"海之戀民宿","花蓮縣 吉安鄉仁安村海岸路645巷42弄16號","1800"
"大山休閒民宿","花蓮縣 吉安鄉太昌村明義六街69巷10號","1380"
"天地．藝術","花蓮縣 吉安鄉勝安村中原路一段49巷15號","1600"
"幸福紀行民宿","花蓮縣 吉安鄉仁安村海岸路645巷42弄15號","1400"
"官家花園","花蓮縣 吉安鄉仁安村南海五街130號","1600"
"滌塵居民宿","花蓮縣 吉安鄉吉安村吉昌二街220巷32號","1600"
"溯溪民宿","花蓮縣 吉安鄉吉安村吉昌二街220巷30號","1600"
"茱麗葉民宿","花蓮縣 吉安鄉稻香村吉興路2段140號","1600"
"好所在民宿","花蓮縣 吉安鄉吉安村吉昌二街170巷13號","1800"
"翠園民宿","花蓮縣 吉安鄉吉昌三街135號","2100"
"羽庭居民宿","花蓮縣 吉安鄉稻香村稻興一街6號","1000"
"桔園民宿","花蓮縣 吉安鄉稻香村廣豐一街56號","1500"
"山之谷民宿","花蓮縣 吉安鄉太昌村明仁二街277號","1800"
"夏朵內小築","花蓮縣 吉安鄉慶豐村慶豐十一街212號","5000"
"知卡宣田園民宿","花蓮縣 吉安鄉仁和村南海八街325號","1500"
"方翊民宿","花蓮縣 吉安鄉南昌村文化七街27-1號","1000"
"加南美地民宿","花蓮縣 吉安鄉慶豐村慶豐九街106巷12號","1800"
"閒雲居花園民宿","花蓮縣 吉安鄉東海六街195號","1500"
"樂以居民宿","花蓮縣 吉安鄉永興村永興二街201號","1500"
"碧海藍天民宿","花蓮縣 吉安鄉仁安村南海十街143巷2弄16號","1400"
"教師家民宿","花蓮縣 吉安鄉勝安村慈惠四街170巷2號","900"
"峇里戀人","花蓮縣 吉安鄉中山路三段953巷","3200"
"奇萊亞","花蓮縣 吉安鄉福興村中央路一段681號","1920"
"山緹庭園","花蓮縣 吉安鄉南華村福昌路801巷12號","1330"
"楓林山莊","花蓮縣 吉安鄉福興村山上65號","1600"
"陽光綠地日式庭園","花蓮縣 吉安鄉福昌路450-1號","2000"
"慈惠香居","花蓮縣 吉安鄉慈惠二街72巷23號","900"
"喜歡農莊","花蓮縣 吉安鄉稻香村廣賢路一段219號","2000"
"城市生活概念館","花蓮縣 吉安鄉海岸路645巷42弄13號","1300"
"函園旅店","花蓮縣 吉安鄉慈惠二街116號","1980"
"花蓮蘭博海景民宿","花蓮縣 吉安鄉光華村三鄰南濱路一段506-3號","1800"
"吉野精棧","花蓮縣 吉安鄉稻香路55號","3350"
"花蓮自強夜宿","花蓮縣 吉安鄉自強路541-2號","1700"
"山水的故鄉","花蓮縣 吉安鄉宜昌村吉祥五街7號","1400"
"亞馨民宿","花蓮縣 吉安鄉吉安村吉昌二街242號","1850"
"站前9號","花蓮縣 吉安鄉南昌村南昌路9號","1800"
"水果藝藍民宿","花蓮縣 吉安鄉海岸路645巷42弄1號","1500"
"浮生閒情民宿","花蓮縣 吉安鄉中山路一段115巷12號","1500"
"泰德民宿","花蓮縣 吉安鄉太昌村明義五街78號","1680"
"琉鑫夢田","花蓮縣 吉安鄉永安村吉安路1段165-8號","2400"
"木目心居民宿","花蓮縣 吉安鄉南昌村文化七街27之2號","1800"
"漁夫民宿10號","花蓮縣 吉安鄉中山路一段115巷10號","2000"
"水晶閣民宿","花蓮縣 吉安鄉勝安村自強路198號之1","950"
"洄瀾灣渡假別墅","花蓮縣 吉安鄉仁安村海濱路15號","1800"
"松芸居休閒民宿","花蓮縣 吉安鄉稻香村吉豐路2段31號","1800"
"辰發民宿","花蓮縣 吉安鄉慶豐村慶北三街248巷1號","2200"
"遇見幸福","花蓮縣 吉安鄉仁里村中山路1段115巷6號","1400"
"居亭民宿","花蓮縣 吉安鄉吉安村吉昌一街205-5號","1200"
"吉琍林園民宿","花蓮縣 吉安鄉福興村福興六街438號","1600"
"真善美","花蓮縣 吉安鄉福興村吉昌三街267巷30號","1200"
"松格民宿","花蓮縣 吉安鄉仁里村仁里五街78-1號","1000"
"海蒂斯民宿","花蓮縣 吉安鄉東海15街80巷19弄40號","1800"
"馬卡龍民宿","花蓮縣 吉安鄉自立二街2巷1號","1800"
"山海香戀","花蓮縣 吉安鄉中山路一段216號","1800"
"爐鼎榮民宿","花蓮縣 吉安鄉北昌村建昌路100號","1200"
"仙女家民宿","花蓮縣 吉安鄉中山路三段127號","1200"
"香柚園休閒民宿","花蓮縣 吉安鄉太昌村明義五街112號","1200"
"海石生活館","花蓮縣 吉安鄉明義七街159號","1400"
"新雅閣民宿","花蓮縣 吉安鄉勝安村慈惠四街229號","1500"
"阿南達","花蓮縣 吉安鄉太昌村明義三街210巷16號","2500"
"純舍渡假民宿","花蓮縣 吉安鄉東海十五街80巷19弄48號","1680"
"南洋風情民宿","花蓮縣 吉安鄉稻香村廣豐路83巷7號","1280"
"花蓮希臘手作旅店","花蓮縣 吉安鄉建昌路140巷8弄7號","600"
"高貴不貴","花蓮縣 吉安鄉福興村福興二街12之2號","1500"
"雙橡園","花蓮縣 吉安鄉太昌村山邊140之2號","2800"
"城市莊敬","花蓮縣 吉安鄉莊敬路113號","1500"
"真自在","花蓮縣 吉安鄉慈惠四街236巷27弄7號","1600"
"協同民宿","花蓮縣 吉安鄉吉安村吉興三街127巷18-1號","1000"
"來敲門民宿","花蓮縣 吉安鄉永興七街29巷7號","2000"
"大花紫薇","花蓮縣 吉安鄉慶豐村中山路三段682巷17號","2300"
"依楓民宿","花蓮縣 吉安鄉吉安路三段162號","1200"
"花現民宿","花蓮縣 吉安鄉南華村山下路8-1號","2200"
"浪花主題民宿","花蓮縣 吉安鄉仁安村南海十街143巷1弄5號","1400"
"米亞麥","花蓮縣 吉安鄉荳蘭二街58號","2200"
"觀星水閣民宿","花蓮縣 吉安鄉東里十五街121巷16號","1600"
"花欣蘭園民宿","花蓮縣 吉安鄉福興村福興六街51號","1800"
"百合民宿","花蓮縣 吉安鄉宜昌村吉祥四街20號","1300"
"光華農場田莊民宿","花蓮縣 吉安鄉光華村1鄰光華七街18號","1000"
"No.Six","花蓮縣 吉安鄉明義五街80巷6號","1500"
"雅爾富的家民宿","花蓮縣 吉安鄉宜昌村南山一街32號","1400"
"立群花園民宿","花蓮縣 吉安鄉仁安村南海四街47號","1100"
"山腳民宿","花蓮縣 吉安鄉太昌村中山路四段103號","1500"
"時代民宿","花蓮縣 吉安鄉東里十四街13號","1400"
"踩風民宿","花蓮縣 吉安鄉福興村11鄰福興七街500號","2500"
"山水的故鄉","花蓮縣 吉安鄉宜昌村吉祥五街7號","1200"
"東東休閒民宿","花蓮縣 吉安鄉太昌村永昌街562號","1400"
"蝶泊遠近民宿","花蓮縣 吉安鄉南華村吉安路五段30號","1200"
"卡蓮CO民宿","花蓮縣 吉安鄉吉安村吉昌一街169號","1200"
"福園古厝民宿","花蓮縣 吉安鄉仁安村海濱路48號","1800"
"未央藝術民宿","花蓮縣 吉安鄉南昌村昌隆八街10巷2號","1000"
"思森活田園民宿","花蓮縣 吉安鄉永吉七街239號","2600"
"橘園雅築","花蓮縣 吉安鄉光華九街70號","1600"
"古拉民宿","花蓮縣 吉安鄉光華村華城8街121號","9500"
"真愛民宿","花蓮縣 吉安鄉仁里五街65巷2號","1500"
"白色宮殿","花蓮縣 吉安鄉北安街31號","2200"
"詩莉亞民宿","花蓮縣 吉安鄉永安村建國路二段14號","2200"
"想住民宿","花蓮縣 吉安鄉北昌村4鄰建國路一段287巷12號","2000"
"彩繪人生精緻民宿","花蓮縣 吉安鄉南海十街143巷2弄15號","2600"
"撒花庄庭園民宿","花蓮縣 吉安鄉南海三街316之1號","2300"
"紡織娘浪漫民宿","花蓮縣 吉安鄉華城八街113號","7800"
"陶林小屋民宿","花蓮縣 吉安鄉慶豐11街245巷7弄10號","1500"
"EZday民宿","花蓮縣 吉安鄉吉祥三街22號","1600"
"彩虹可樂城堡","花蓮縣 吉安鄉吉豐路2段202號","2500"
"法那斯民宿A館","花蓮縣 吉安鄉吉興一街326巷1號","2000"
"Little Bar小酒吧","花蓮縣 吉安鄉南濱路一段510之1號",""
"歐系客","花蓮縣 吉安鄉勝安一街50巷7號(勝安公園旁)","2400"
"甜蜜的家民宿","花蓮縣 吉安鄉文化五街78號","1600"
"月光田園","花蓮縣 吉安鄉廣豐二街248號","2200"
"@Home像個家","花蓮縣 吉安鄉明仁一街51巷32號","1400"
"花蓮大碗民宿","花蓮縣 吉安鄉東里一街155號","1000"
"愛爾蘭名宿","花蓮縣 吉安鄉慶豐村中山路3段532-2號","1600"
"馨晴民宿","花蓮縣 吉安鄉吉安村吉昌二街250號","1500"
"花境鄉村民宿","花蓮縣 壽豐鄉志學村忠孝81之49號","2800"
"地中海戀人","花蓮縣 壽豐鄉鹽寮村福德28號","2200"
"藍海風情","花蓮縣 壽豐鄉鹽寮村鹽寮200之2號","2300"
"薩爾茲堡莊園","花蓮縣 壽豐鄉月眉村月眉三段127號","2600"
"梯田山","花蓮縣 壽豐鄉豐山村山邊路二段83巷12號","3500"
"以合金寨","花蓮縣 壽豐鄉米棧村6鄰米棧二段3號之1","3960"
"儷舍","花蓮縣 壽豐鄉鹽寮村大坑65號","3800"
"礁岩海灣","花蓮縣 壽豐鄉鹽寮村大橋24-6號","2520"
"草海桐","花蓮縣 壽豐鄉鹽寮村6鄰福德49-5號","2600"
"斯圖亞特","花蓮縣 壽豐鄉鹽寮村6鄰福德80號","6480"
"莫內花園","花蓮縣 壽豐鄉池南路一段138號","1900"
"海月民宿","花蓮縣 壽豐鄉鹽寮村鹽寮176號","1700"
"日光海岸","花蓮縣 壽豐鄉鹽寮村福德123號","2000"
"笛之森","花蓮縣 壽豐鄉豐坪路三段1135巷190號","3600"
"噗嚨共民宿","花蓮縣 壽豐鄉志學村17鄰忠孝147號","4600"
"the ISLAND小島","花蓮縣 壽豐鄉鹽寮村鹽寮111號","2200"
"暗礁碼頭","花蓮縣 壽豐鄉鹽寮村福德107號","1800"
"海平面海景會館","花蓮縣 壽豐鄉鹽寮村180號","1500"
"花蓮逍遙山莊","花蓮縣 壽豐鄉鹽寮村山嶺36號","3400"
"綠舍","花蓮縣 壽豐鄉大學路二段63巷61號","2000"
"境外漂流","花蓮縣 壽豐鄉鹽寮村福德65號","3000"
"沐海民宿","花蓮縣 壽豐鄉鹽寮村福德196號","2000"
"米拉夢地民宿","花蓮縣 壽豐鄉溪口村牧場161號","3200"
"浪花一朵朵民宿","花蓮縣 壽豐鄉鹽寮村鹽寮76號","2600"
"羊角村民宿","花蓮縣 壽豐鄉鹽寮村福德51號","2800"
"海明蔚","花蓮縣 壽豐鄉鹽寮村福德56號","3900"
"雲山水民宿","花蓮縣 壽豐鄉豐坪路二段二巷201弄18號","4500"
"海揚農莊民宿","花蓮縣 壽豐鄉溪口村廣玄1-1號","2100"
"海灣32","花蓮縣 壽豐鄉鹽寮村大橋32號","3800"
"海漾民宿","花蓮縣 壽豐鄉鹽寮村台11線16.7公里處","3300"
"如果海","花蓮縣 壽豐鄉鹽寮村鹽寮79號","3000"
"豐田安琪花園","花蓮縣 壽豐鄉豐裡村豐正路一段65號","3600"
"禾園悅舍","花蓮縣 壽豐鄉大學路二段63巷90號","1800"
"越牆工園民宿","花蓮縣 壽豐鄉鹽寮村鹽寮146號","2800"
"綠柳莊","花蓮縣 壽豐鄉豐山村中山路101巷15號","3800"
"水漾海景","花蓮縣 壽豐鄉鹽寮村福德50號","3200"
"橋下105民宿","花蓮縣 壽豐鄉志學村橋下105號","1800"
"好望角海夜景民宿","花蓮縣 壽豐鄉鹽寮村山嶺9-6號","2400"
"落羽松別館民宿","花蓮縣 壽豐鄉壽豐村公園路61號","1800"
"小雨蛙生態農場","花蓮縣 壽豐鄉豐山村魚塘路36號","2000"
"村上春宿","花蓮縣 壽豐鄉志學村中正路238號","1200"
"近月旭海","花蓮縣 壽豐鄉鹽寮村鹽寮152號","2700"
"十二號橋空間","花蓮縣 壽豐鄉鹽寮村橄樹腳16號","2000"
"葛莉絲莊園民宿","花蓮縣 壽豐鄉豐山村魚塘43號","4950"
"發現樹湖民宿","花蓮縣 壽豐鄉樹湖村大湖角1號","3690"
"潭心閣民宿","花蓮縣 壽豐鄉池南村林園路3之1號","3200"
"聖托里尼民宿","花蓮縣 壽豐鄉鹽寮村福德107-1號","2000"
"微風星情民宿","花蓮縣 壽豐鄉豐坪村豐坪路2段10巷3號","1000"
"倆呆休閒別墅","花蓮縣 壽豐鄉豐山村和平街21號","1600"
"東華嘉年華民宿","花蓮縣 壽豐鄉志學村中正路156之2號","800"
"四季豐情民宿","花蓮縣 壽豐鄉豐坪村豐坪路2段76巷11號","1200"
"湖居歲月","花蓮縣 壽豐鄉池南路一段42號","1600"
"悅庭渡假花園","花蓮縣 壽豐鄉志學村路內136號","2000"
"美皇后8NICE民宿","花蓮縣 壽豐鄉共和村理想路2號","1500"
"邀月小築民宿","花蓮縣 壽豐鄉志學村忠孝街81號","1200"
"東華白川夢想屋","花蓮縣 壽豐鄉平和村大學路二段63巷55之5號","1800"
"窗外的海","花蓮縣 壽豐鄉鹽寮大坑37號","2300"
"天石山莊民宿","花蓮縣 壽豐鄉池南村池南路一段106號","1200"
"後山歲月民宿","花蓮縣 壽豐鄉志學村中山路2段186號","1200"
"雲上太陽","花蓮縣 壽豐鄉志學村中正路261巷48號","1800"
"海洋芳鄰","花蓮縣 壽豐鄉鹽寮村鹽寮204號","2600"
"坲卡夏莊園","花蓮縣 壽豐鄉豐坪村東富街256號","3400"
"牛山呼庭民宿","花蓮縣 壽豐鄉水璉村牛山39之5號","1300"
"語畫小鎮","花蓮縣 壽豐鄉豐山村中興街253號","1500"
"鹽寮民宿","花蓮縣 壽豐鄉鹽寮村大坑57號","2000"
"海中天會館","花蓮縣 壽豐鄉鹽寮村大橋36之10號","2680"
"星夜觀海","花蓮縣 壽豐鄉鹽寮村福德16-1號","3000"
"妮可幸福villa民宿","花蓮縣 壽豐鄉池南村6鄰荖溪51之1號","7600"
"魚兒想家","花蓮縣 壽豐鄉鹽寮村大坑35號","2400"
"田園夢120","花蓮縣 壽豐鄉志學村忠孝120號","1500"
"耕夢園民宿","花蓮縣 壽豐鄉溪口村溪口路233號","1200"
"逸心園","花蓮縣 壽豐鄉大學路二段63巷51號","1500"
"藍白舍","花蓮縣 壽豐鄉鹽寮村大橋28號","3200"
"牧雲民宿","花蓮縣 壽豐鄉志學村忠孝128號","1800"
"藍海星辰民宿","花蓮縣 壽豐鄉鹽寮村鹽寮200-3號","1800"
"心身活休閒農莊","花蓮縣 壽豐鄉豐裡村中山路72巷49弄10號","900"
"香榭麗舍民宿","花蓮縣 壽豐鄉平和村大學路2段63巷108弄31號","1600"
"光復糖廠","花蓮縣 光復鄉大進村糖廠街19號","2160"
"盛夏的軌跡","花蓮縣 光復鄉大同村佛祖街8巷5號","1300"
"欣綠農園","花蓮縣 光復鄉大全村大全街60號","2400"
"上大和","花蓮縣 光復鄉大平村中學街78號","1425"
"甜蜜家101","花蓮縣 光復鄉大平村6鄰自強路101號","1800"
"楓情莊園","花蓮縣 光復鄉佛祖街330號","2600"
"花東歇腳站","花蓮縣 光復鄉大進村復興街1號","1200"
"砝傣岸","花蓮縣 光復鄉大進村中興路176巷1弄2號","1200"
"馬太鞍拉藍的家","花蓮縣 光復鄉大全村大全街42巷15號","1100"
"大興民宿","花蓮縣 光復鄉大興村民權路49巷5號","1600"
"馬太鞍驛棧","花蓮縣 光復鄉中山路2段85號","1200"
"荷雅居","花蓮縣 豐濱鄉港口村大港口1之8號","700"
"崖上民宿","花蓮縣 豐濱鄉新社村新社211號","2600"
"緩慢石梯坪民宿","花蓮縣 豐濱鄉港口村1鄰石梯灣123號","4500"
"海印民宿","花蓮縣 豐濱鄉新社村新社212號","3800"
"聖地牙哥民宿","花蓮縣 豐濱鄉港口村石梯灣120號","3500"
"來去海邊民宿","花蓮縣 豐濱鄉豐濱村永豐1之2號","1800"
"後湖水月","花蓮縣 豐濱鄉磯崎村後湖19號","3900"
"石梯緣","花蓮縣 豐濱鄉港口村石梯灣119號","1800"
"藍色珊瑚礁","花蓮縣 豐濱鄉靜浦村三富橋58號","2600"
"沙漠風情","花蓮縣 豐濱鄉港口村石梯灣117之1號","2900"
"石梯灣118民宿","花蓮縣 豐濱鄉港口村石梯灣118號","2400"
"半月灣民宿","花蓮縣 豐濱鄉磯崎村磯崎98號","2000"
"向上民宿","花蓮縣 豐濱鄉港口村大港口97號","1200"
"千禧山莊民宿","花蓮縣 豐濱鄉靜浦村三富橋52號","1600"
"海天民宿","花蓮縣 豐濱鄉新社村新社171號","1500"
"加勒比海民宿","花蓮縣 豐濱鄉港口村石梯坪2之8號","3000"
"四方屋裡","花蓮縣 瑞穗鄉溫泉路一段134號","1800"
"靜廬渡假別墅","花蓮縣 瑞穗鄉富興村中正北路三段238號","2600"
"六心居","花蓮縣 瑞穗鄉瑞祥村南元路310號","4200"
"依比鴨鴨","花蓮縣 瑞穗鄉瑞祥村七賢路50號","3800"
"千草園民宿","花蓮縣 瑞穗鄉中山路2段208-1號","2000"
"歸園田居","花蓮縣 瑞穗鄉瑞祥村南元路359號","1800"
"瑞峰溫泉民宿","花蓮縣 瑞穗鄉瑞祥村溫泉路三段2巷36-1號","1800"
"新鶴渡假村","花蓮縣 瑞穗鄉中正南路二段76-5號","2200"
"椰子林溫泉飯店","花蓮縣 瑞穗鄉溫泉路三段199號","1700"
"吉祥庭園","花蓮縣 瑞穗鄉溫泉路三段35-10號","1960"
"鄉間小棧民宿","花蓮縣 瑞穗鄉瑞北村祥北路一段6號","1000"
"檳城農莊","花蓮縣 瑞穗鄉瑞美村中山路二段111號","1800"
"原鄉溫泉民宿","花蓮縣 瑞穗鄉瑞祥村五福路325號","2100"
"荷茹雅筑","花蓮縣 瑞穗鄉溫泉路一段143號","900"
"穗花田民宿","花蓮縣 瑞穗鄉溫泉路一段23巷1弄16號","3600"
"掃叭頂民宿","花蓮縣 瑞穗鄉舞鶴村211-1號","1600"
"弘果民宿","花蓮縣 瑞穗鄉中山路1段16號","900"
"養和屋","花蓮縣 瑞穗鄉瑞穗村中正北路一段36號","1800"
"清風茶園","花蓮縣 瑞穗鄉舞鶴村76-3號","1400"
"東立茶行","花蓮縣 瑞穗鄉舞鶴村舞鶴251號","1600"
"林家茶園民宿","花蓮縣 瑞穗鄉舞鶴村74之8號","800"
"信號ㄎㄚㄟ厝","花蓮縣 瑞穗鄉瑞穗村成功南路12號","1500"
"好朋友民宿","花蓮縣 瑞穗鄉瑞美村中山路2段161巷5號","1200"
"夢之鄉民宿","花蓮縣 瑞穗鄉瑞美村中山路2段167號","1300"
"客之屋民宿","花蓮縣 瑞穗鄉瑞穗村民生街63巷43號","1500"
"知音民宿","花蓮縣 瑞穗鄉瑞美村中山路2段161巷6號","1200"
"黃家溫泉民宿","花蓮縣 瑞穗鄉瑞祥村北五路321號","1500"
"山妍四季民宿","花蓮縣 富里鄉竹田村富田88號","2600"
"奇巧民宿","花蓮縣 富里鄉竹田村富田39-3號","1200"
"低調民宿","花蓮縣 富里鄉竹田村10鄰富田81-2號","2400"
"月荷塘","花蓮縣 富里鄉羅山村東湖53號","1600"
"玉溫泉民宿","花蓮縣 富里鄉吳江村安通58之9號","1800"
"忘憂驛棧","花蓮縣 富里鄉萬寧村萬寧59之1號","1300"
"鐵掌櫃茶舍民宿","花蓮縣 富里鄉竹田村源和路11-1號","1300"
"彭大媽食堂","花蓮縣 富里鄉竹田村雲閩25鄰36號","1440"
"德德的家民宿","花蓮縣 富里鄉東里村安靜街6號","1000"
"益順休閒農莊","花蓮縣 富里鄉竹田村雲閩15號","2000"
"忘憂園民宿","花蓮縣 富里鄉竹田村雲閩33號","1600"
"利家庄","花蓮縣 富里鄉東里村大莊路59-2號","1200"
"宇馨藝民宿","花蓮縣 秀林鄉富世村富世1-16號","2000"
"走過虹橋","花蓮縣 秀林鄉崇德村三鄰崇德210號","2500"
"月映莊園","花蓮縣 秀林鄉景美村加灣178-25號","1680"
"太魯閣民宿","花蓮縣 秀林鄉崇德村三鄰崇德198之12號","1900"
"哇旦民宿","花蓮縣 秀林鄉景美村加灣72-2號","1200"
"砂卡礑","花蓮縣 秀林鄉富世村富世141號","1500"
"山中傳奇","花蓮縣 秀林鄉花蓮市石壁街26號","2200"
"太魯閣喜悅山莊","花蓮縣 秀林鄉崇德村崇德200號","2900"
"嵐天小築民宿","花蓮縣 秀林鄉秀林村民治路35-5號","1000"
"立霧左邨景觀民宿","花蓮縣 秀林鄉崇德村3鄰崇德198-15號","2400"
"荖萊居民宿","花蓮縣 秀林鄉秀林村民治路75之5號","1900"
"翔廬民宿","花蓮縣 秀林鄉佳民村佳民95-3號","1600"
"峽林咖啡農莊","花蓮縣 秀林鄉秀林村民治78-17號","2000"
"阿騫的家","花蓮縣 秀林鄉佳民村佳民25-28號","2300"
"阿尼吉民宿","花蓮縣 秀林鄉文蘭村文蘭95號","1500"
"綠中海 B&B","花蓮縣 秀林鄉佳民村95-3號","1600"
"雲莊谷園","花蓮縣 秀林鄉富世村天祥路46號","1800"
"江布南山莊","花蓮縣 萬榮鄉紅葉村1鄰17號","1200"
"綠海天際","花蓮縣 卓溪鄉古風村崙天18-1號","2280"
"微風家園","台東縣 台東市知本路一段765巷61號","1800"
"艾薇家","台東縣 台東市廣東路151號","4000"
"夏日微風民宿","台東縣 台東市更生路820巷36弄3號","1680"
"小菲民宿","台東縣 台東市平等街58號","1680"
"馬約卡B&B","台東縣 台東市興安路一段180巷10號","2000"
"民宿庫","台東縣 台東市志航路一段412巷27弄20號","2000"
"台東假期民宿","台東縣 台東市更生路820巷32號","2038"
"沐泉精品民宿","台東縣 台東市福建路137號","1600"
"仲夏綠茵","台東縣 台東市志航路一段146巷25號","2200"
"布拉諾城堡","台東縣 台東市青海路2段111號","2200"
"愛那思民宿","台東縣 台東市興安路二段30號","1350"
"樂遊民宿","台東縣 台東市強國街5號","1600"
"安琪拉公主","台東縣 台東市志航路一段412巷17弄26號","1400"
"騰旅行民宿","台東縣 台東市山西路一段235巷10號","1200"
"鄉村藝宿","台東縣 台東市樂利路11 號","700"
"霂瑅民宿","台東縣 台東市杭州街405號","1500"
"懶骨頭民宿","台東縣 台東市樂利路2之3號","2200"
"耕雲居","台東縣 台東市蘭州街235之1號","4200"
"那些年民宿","台東縣 台東市知本路二段188巷38號","2280"
"夏日灣","台東縣 台東市南海路50號","1600"
"我行我宿","台東縣 台東市更生北路575巷51號","1000"
"紫紘民宿","台東縣 台東市志航路一段111巷11弄17號","800"
"星光民宿","台東縣 台東市志航路一段477巷39號","1600"
"貓頭鷹莊園","台東縣 台東市正氣北路746巷內","2400"
"綠水田園","台東縣 台東市知本路一段820巷60號","1800"
"蒙地拿旅店","台東縣 台東市中華路一段376巷36號","1500"
"米多麗","台東縣 台東市民航路998巷106號","1200"
"童畫民宿","台東縣 台東市新站二街33號","2000"
"雨田民宿","台東縣 台東市成都南路80巷69號","4800"
"草莓牛奶","台東縣 台東市民安街67號","1480"
"千季青","台東縣 台東市豐谷北路437號","2100"
"真滿民宿","台東縣 台東市衡陽路151巷42弄1號","1200"
"358民宿","台東縣 台東市臨海路三段358號","1800"
"綠茵小筑","台東縣 台東市永安街180巷38弄16號","1980"
"心園","台東縣 台東市知本路一段45巷6弄53號","1700"
"諾園民宿","台東縣 台東市志航路一段552巷73號","1200"
"玫瑰騎士","台東縣 台東市志航路一段412巷27弄22號","1300"
"愛加倍","台東縣 台東市樂利路38號","1100"
"上弦月民宿","台東縣 台東市文昌路123號","1200"
"馬亨亨民宿","台東縣 台東市志航路一段412巷26弄27號","1000"
"少則得","台東縣 台東市漢中街185巷46弄51號","2200"
"台東旅遊民宿","台東縣 台東市興盛路21號","1100"
"晴耕雨讀","台東縣 台東市志航路1段477巷35號","1400"
"有時回家","台東縣 台東市正氣北路746巷231號","1600"
"富麗灣景觀民宿","台東縣 台東市松江路一段259號","2000"
"台東文旅","台東縣 台東市台東市博物館路1號","1600"
"渡邊森活","台東縣 台東市和平街63號","1500"
"肉骨頭渡假屋","台東縣 台東市錦州街155號","2000"
"貓山villa","台東縣 台東市馬亨亨大道900巷63號","12000"
"19号月台","台東縣 台東市新站二街23號","1680"
"鳥語花香","台東縣 台東市青海路四段428巷222號","1600"
"花格子民宿","台東縣 台東市文昌路121巷59號","1500"
"御之屋","台東縣 台東市知本青海路四段428巷200弄153號","1200"
"飛碟屋","台東縣 台東市新生路359號","2200"
"伊亞民宿","台東縣 台東市正氣北路76巷62弄11號","1600"
"巧雅婷民宿","台東縣 台東市南一街100號","1300"
"星棧101","台東縣 台東市興盛路349號","1200"
"鳳麟庭園","台東縣 台東市傳廣路360巷37號","1500"
"鄉村民宿","台東縣 台東市志航路一段477巷35之1號","1500"
"采風民宿","台東縣 台東市興盛路341號","1500"
"砂城小布","台東縣 台東市新站路14巷7號","1200"
"樂活","台東縣 台東市岩灣里文昌路61號","1800"
"雲海灣民宿","台東縣 台東市吉林路2段578號","1800"
"庫塔民宿","台東縣 台東市興安路1段83號","1280"
"火車頭民宿","台東縣 台東市文昌路127號","1200"
"東椿民宿","台東縣 台東市興安路一段191號","1380"
"東美民宿","台東縣 台東市志航路一段136號","1100"
"小燕子民宿","台東縣 台東市志航路一段412巷26弄2號","1200"
"綠園民宿","台東縣 台東市興盛路122號","1000"
"我朋友家","台東縣 台東市傳廣路153巷25號","1000"
"臻品軒","台東縣 台東市新興路11號","1500"
"蕃茄咖啡民宿","台東縣 台東市志航路1段412巷26弄1號","1000"
"黃山民宿","台東縣 台東市新興路1巷49號","1000"
"樂利民宿","台東縣 台東市樂利路27巷26號","1200"
"耕園民宿","台東縣 台東市興盛路25號","1000"
"晚崙西亞","台東縣 台東市正氣北路161巷24弄4號","1100"
"晨曦民宿","台東縣 台東市新興路1巷41號","1000"
"光雅民宿","台東縣 台東市興安路一段32號","990"
"桃花源渡假村","台東縣 台東市建興路99號","1500"
"煙燻貓民宿","台東縣 台東市開封街805巷10號","1800"
"旭緣民宿","台東縣 台東市永安街18巷31弄1號","1500"
"ㄈㄥ之谷民宿","台東縣 台東市興安路一段60號","1500"
"初春民宿","台東縣 台東市鐵花路175號","1200"
"瑪莉外宿","台東縣 台東市志航路一段412巷17弄18號","1400"
"夢想家民宿","台東縣 台東市民安街165號","1100"
"采虹6號","台東縣 台東市志航路一段412巷17弄6號","1800"
"海世山夢","台東縣 台東市松江路一段210號","1300"
"馬桶有魚","台東縣 台東市文山路38巷7號","500"
"愛麗絲花園民宿","台東縣 台東市興航街73號","1500"
"自由之丘民宿","台東縣 台東市文山路38巷11號","1500"
"新站48號","台東縣 台東市新站路48號","1200"
"瑪莉宮廷","台東縣 台東市志航路一段412巷17弄16號","1600"
"台東湯瑪仕民宿","台東縣 台東市志航路一段412巷17弄23號","1400"
"太陽民宿","台東縣 台東市成都南路424巷118號","1400"
"鹿角民宿","台東縣 台東市國泰街71號","1680"
"蘿斯瑪莉民宿","台東縣 台東市興安路一段185號","1600"
"初英民宿","台東縣 台東市仁八街83號","1000"
"羅密歐民宿","台東縣 台東市中正路251巷1號","1600"
"飄泊21 Inn","台東縣 台東市岩灣里興安路二段21號","1380"
"希望猴子","台東縣 台東市南一街35號","600"
"三又木民宿","台東縣 台東市博愛路91巷8號","1400"
"小貝壳","台東縣 台東市泰安街88之3號","800"
"兩朵昀民宿","台東縣 台東市永安街18巷9號","1400"
"小英格蘭民宿","台東縣 台東市新站二街25號","1400"
"連航居","台東縣 台東市連航路75號","2400"
"台東艾克斯民宿","台東縣 台東市新站二街21號","1400"
"藍色棉花糖","台東縣 台東市新站路57號","1880"
"采羚民宿","台東縣 台東市樂利路63號","1500"
"芙蘿拉歐風民宿","台東縣 台東市新興路101巷96號","1600"
"3原色民宿","台東縣 台東市光明里東糖街33巷5弄3號","500"
"簡單小日子民宿","台東縣 台東市興安路二段23號","1800"
"米多麗Mini館","台東縣 台東市新站一街26號","1800"
"佳慧民宿","台東縣 台東市豐榮路260號","1300"
"陽光綠堤民宿","台東縣 台東市仁義北路119號","1000"
"可樂二館","台東縣 台東市連航路51巷6弄6號","1800"
"怡靜民宿","台東縣 台東市東糖街33巷6弄5號","2500"
"吉安民宿","台東縣 台東市興盛路252號","1800"
"安達露西亞","台東縣 台東市阿西落二街35號","2200"
"桔子圓民宿","台東縣 台東市開封街805巷8號","1700"
"米卡撒","台東縣 台東市新站路51號","1600"
"午後謐徑","台東縣 台東市豐榮路123號","1580"
"宏隆米絞青旅","台東縣 台東市志航路一段611號","650"
"舞辣史東背包客棧","台東縣 台東市強國街348巷17號","500"
"木頭人民宿","台東縣 台東市傅廣路360巷165號","2000"
"邦喬諾","台東縣 台東市興盛路228號","1200"
"小貓兩三隻","台東縣 台東市中興路二段90號","1700"
"日富金門民宿","台東縣 台東市文昌路72號","1680"
"花園玫瑰民宿","台東縣 台東市文昌路76號","1680"
"百分百渡假別墅","台東縣 台東市新站三街100號","1500"
"可樂旅店","台東縣 台東市中興路二段743巷57弄12號","2400"
"捷米民宿","台東縣 台東市連航路59號","1100"
"熊追貓","台東縣 台東市豐榮路90巷36號","2000"
"威尼斯民宿","台東縣 台東市正氣路73號","1300"
"鎖定台東民宿","台東縣 台東市興安路一段22號","2000"
"達利月光民宿","台東縣 台東市漢陽北路213巷29號","1600"
"合益民宿","台東縣 台東市東峰街27號","1600"
"8號客棧","台東縣 台東市安和路8號","1400"
"加路蘭部落","台東縣 台東市富岡里合江路174巷57號","1200"
"東方首居","台東縣 台東市興安路一段26號","1800"
"牧光‧角落","台東縣 台東市國泰街113號","1600"
"兩朵花民宿","台東縣 台東市中華路二段227巷33之2號","1200"
"日安，巴黎","台東縣 台東市咸陽街55號","1600"
"安慶67","台東縣 台東市安慶街67號5F","1680"
"京品民宿","台東縣 台東市太原路一段476號","1350"
"嵐舍","台東縣 台東市新生路241號","1800"
"日光新雅","台東縣 台東市蘭州街90巷2號","1500"
"婆婆小屋","台東縣 台東市更生路792巷39弄6號","500"
"浪漫東森","台東縣 台東市強國街134號","1000"
"松林別館","台東縣 台東市康樂路277號","1800"
"愛旅行","台東縣 台東市南二街139巷4號","2500"
"瑪莉荷蘭館","台東縣 台東市新站二街31號","1600"
"阿逗仔","台東縣 台東市四維路二段13巷35號","1200"
"企鵝堡民宿","台東縣 台東市興安路1段200巷21弄29號","1400"
"鳳凰步道民宿","台東縣 台東市馬亨亨大道1542號","1000"
"3520民宿","台東縣 台東市新站二街38號","1400"
"浪漫滿屋香氛民宿","台東縣 台東市樂利路52巷12號","1400"
"100號民宿","台東縣 台東市中華路一段100號","1400"
"遠雄山莊","台東縣 台東市知本路二段85巷208號","1000"
"佳美髮民宿","台東縣 台東市台東市更生路1104號","1200"
"感覺台東","台東縣 台東市中興路二段122號","1500"
"焦糖民宿","台東縣 台東市興安路1段200巷17號","1400"
"微風民宿","台東縣 綠島鄉公館村柴口58之1號","5200"
"幸福月光","台東縣 綠島鄉公館村溫泉路41號","2500"
"夏卡爾民宿","台東縣 綠島鄉公館村溫泉路48號","2500"
"新宇別館","台東縣 綠島鄉南寮村南寮路24號","1800"
"鴻運民宿","台東縣 綠島鄉公館村公館路29號","1200"
"長泰民宿","台東縣 綠島鄉公館村柴口路41號",""
"宏發民宿","台東縣 綠島鄉中寮村中寮路180之1號","1200"
"玲華園","台東縣 綠島鄉公館村柴口95號","1500"
"翔鼎民宿","台東縣 綠島鄉中寮村99-2號","1200"
"戀戀火燒島","台東縣 綠島鄉南寮村漁港1之80號","3000"
"藍海奇緣","台東縣 綠島鄉公館村溫泉43號","2500"
"望海軒","台東縣 綠島鄉公館村柴口路33號","1000"
"歐風民宿","台東縣 綠島鄉南寮村255號","4976"
"愛回憶","台東縣 綠島鄉公館村3之1號","3150"
"好望角渡假民宿","台東縣 綠島鄉公舘村33號","3600"
"傑克會館","台東縣 綠島鄉公館村柴口79號","3200"
"70腳落","台東縣 綠島鄉公館村70號","2800"
"換日線Villa","台東縣 延平鄉紅葉村紅谷路169之1號","11900"
"宜興園","台東縣 延平鄉桃源村昇平路6號之1","2400"
"海天11線","台東縣 卑南鄉富山村富山28號","2000"
"富山海灣","台東縣 卑南鄉富山村富山60號","2200"
"路姐民宿","台東縣 卑南鄉賓朗路300號","1500"
"朗.克徠爵","台東縣 卑南鄉溫泉村民生22號","4200"
"我自然農園","台東縣 卑南鄉美農村高台102號","2800"
"悅來民宿","台東縣 卑南鄉太平村民生路197號","1300"
"海賊灣","台東縣 卑南鄉漁場134號","2800"
"太平生態農場","台東縣 卑南鄉泰安村19鄰540之8號","3200"
"林道客棧","台東縣 卑南鄉溫泉村鎮樂38號","1400"
"宿木-巴蘭","台東縣 卑南鄉初鹿村新斑鳩30號","2160"
"鳳庭居","台東縣 卑南鄉溫泉村龍泉路53巷5號","2200"
"亞灣溫泉飯店","台東縣 卑南鄉溫泉村鎮樂1號","3000"
"賓朗火車站檜木villa","台東縣 卑南鄉賓朗路474巷1弄3號","3600"
"寄居蟹沙灘空間","台東縣 卑南鄉富山村漁場185號","3500"
"雍雅居","台東縣 卑南鄉利吉村86-1號","6000"
"凡賽斯民宿","台東縣 卑南鄉太平村太平路575巷47-9號","1000"
"綠屋民宿","台東縣 卑南鄉溫泉村樂山路127-1號","1800"
"亦堤民宿","台東縣 卑南鄉溫泉村鎮樂10鄰126號","1680"
"ㄚ一ㄚ旺","台東縣 卑南鄉溫泉村龍泉路136號","2500"
"暢遊民宿","台東縣 卑南鄉明峰村忠孝路272巷12號","1200"
"台東賓朗宿","台東縣 卑南鄉賓朗村下賓朗51號","1800"
"小星星民宿","台東縣 卑南鄉泰安村13鄰泰安340號","800"
"鹿野森活B&B","台東縣 鹿野鄉瑞源村新源路85巷68號","2600"
"鹿過境","台東縣 鹿野鄉龍田村13鄰五十戶路7號","1600"
"雁窩民宿","台東縣 鹿野鄉永安村鹿寮路51巷5號","1800"
"筆筒樹山莊","台東縣 鹿野鄉永安村鹿寮路33巷18號","1600"
"平凡平房","台東縣 鹿野鄉瑞豐村水源路90巷13號","8000"
"282會館","台東縣 鹿野鄉瑞豐村19鄰中山路282號","1800"
"爵士小管","台東縣 鹿野鄉龍田村龍六路150號","6000"
"宏淇庭園民宿","台東縣 鹿野鄉龍田村光榮路58號","1800"
"永安茶園","台東縣 鹿野鄉永安村高台路39號","1000"
"大原日和民宿","台東縣 鹿野鄉瑞源村瑞景路二段428號","3600"
"易日得民宿","台東縣 鹿野鄉龍田村龍六路91巷10號","1800"
"鹿台民宿","台東縣 鹿野鄉永安村高台路42巷89弄5號","2800"
"薇妮民宿","台東縣 鹿野鄉光榮路590號","2200"
"連記茶莊","台東縣 鹿野鄉永安村高台路100號","2200"
"涵園別墅","台東縣 鹿野鄉龍田村南三路115號","1620"
"高台民宿","台東縣 鹿野鄉永安村高台路10巷5號","1800"
"盈家民宿","台東縣 鹿野鄉鹿野村中華路一段86號","1500"
"鹿野詠情","台東縣 鹿野鄉龍田村光榮路317號","2000"
"如意山莊","台東縣 關山鎮新福路69號","1800"
"福田民宿","台東縣 關山鎮民族路59號","2000"
"花田村","台東縣 關山鎮德高里22鄰忠慶50之2號","2200"
"清水莊","台東縣 關山鎮新福路11號","1500"
"紅石居","台東縣 關山鎮豐泉里長興47號","1500"
"藍白式民宿","台東縣 關山鎮豐泉里豐隆路19號","1700"
"東籬緣民宿","台東縣 關山鎮新福里6鄰29號","1200"
"關山棉花糖民宿","台東縣 關山鎮民族路70號","1000"
"喜樂民宿","台東縣 海端鄉利稻村文化14之3號","1000"
"黃姐民宿","台東縣 池上鄉大埔村76之2號","2200"
"賢情玉緻","台東縣 池上鄉新興村松吉路49號","2500"
"莊稼熟了民宿","台東縣 池上鄉萬安村1鄰1之2號","2000"
"玉蟾園","台東縣 池上鄉錦園村新開園路162號","1800"
"池上生機花園","台東縣 池上鄉慶福路37號","1200"
"池上福吉園","台東縣 池上鄉福吉二路111號","2000"
"居之安民宿","台東縣 池上鄉福原村忠孝路219號","2000"
"池畔驛站","台東縣 池上鄉福原村仁愛路320號","2100"
"池上棉花糖民宿","台東縣 池上鄉仁愛路183號","2200"
"Life 21 House","台東縣 池上鄉萬安村10鄰龍仔尾11號","2000"
"池上五月稻旅宿","台東縣 池上鄉鐵花路21之2號","1700"
"飄洋都蘭","台東縣 東河鄉都蘭村27鄰都蘭196之2號","700"
"來看大海","台東縣 東河鄉都蘭村那界5號之2","1200"
"來吹涼風","台東縣 東河鄉都蘭村新社30之5號","2000"
"月昇都蘭","台東縣 東河鄉都蘭村新社30之3號","3800"
"河南邊民宿","台東縣 東河鄉東河村南東河18號","2380"
"願井民宿","台東縣 東河鄉隆昌村七里橋10之2號","3000"
"東河民宿","台東縣 東河鄉南東河路60號","1000"
"椰林觀海","台東縣 東河鄉都蘭村郡界68號","1500"
"西村民宿","台東縣 東河鄉隆昌村195號","1500"
"霖園別莊","台東縣 東河鄉隆昌村七里橋1之1號","1500"
"東岸民宿","台東縣 東河鄉隆昌村235-8號","1200"
"美麗莊園民宿","台東縣 東河鄉都蘭村46鄰新社30之9號","2500"
"水管屋","台東縣 東河鄉興昌村28鄰興隆12-5號","1000"
"海之藝民宿","台東縣 東河鄉都蘭村五線13鄰71號","1000"
"發呆聽","台東縣 東河鄉隆昌村七里橋1-3號","2000"
"發現幸福種子","台東縣 東河鄉都蘭村舊部21號","2000"
"都蘭98","台東縣 東河鄉都蘭村98號","600"
"寂里雅嵐Villa","台東縣 成功鎮石傘路77之40號","2600"
"美麗小馬民宿","台東縣 成功鎮小馬路134之13號","2300"
"福樟紅檜木屋","台東縣 成功鎮豐田路27-5號","2760"
"油桐花坊","台東縣 成功鎮美山路1-2號","4420"
"觀山星海民宿","台東縣 成功鎮都歷路277之8號","2500"
"三仙台海景民宿","台東縣 成功鎮成廣路42之2號","1800"
"宜人海灣","台東縣 成功鎮宜灣路9號","1500"
"看得到海民宿","台東縣 成功鎮麒麟路131號","2000"
"流浪星球","台東縣 成功鎮新村路27號","1400"
"海之藝-彩虹森林","台東縣 成功鎮三民里8鄰133之11號","3000"
"旭海","台東縣 成功鎮民豐街2號","1400"
"東海民宿","台東縣 成功鎮民生路55號","1200"
"八嗡嗡民宿","台東縣 成功鎮豐田路16之2號","13200"
"竹湖山居","台東縣 長濱鄉竹湖村41號","4200"
"湖光山色民宿","台東縣 長濱鄉竹湖村竹湖61號","1300"
"光宿","台東縣 長濱鄉三間村真柄47-8號","2000"
"巴歌浪船屋","台東縣 長濱鄉樟原村大峰峰15號","2200"
"畫日風尚","台東縣 長濱鄉南竹湖26之3號","4600"
"山采家民宿","台東縣 太麻里鄉三和村漁場138號","400"
"丹堤民宿","台東縣 太麻里鄉多良村多良2-2號","1800"
"深山亞都","台東縣 太麻里鄉大王村佳崙42之12號","1800"
"愛咪臥客","台東縣 太麻里鄉美和村4鄰49號","1980"
"綠池畔民宿","台東縣 太麻里鄉泰和村外環路47號","1500"
"汾陽民宿","台東縣 太麻里鄉佳崙295號","1300"
"忘憂館","台東縣 太麻里鄉大王村太峰路145號","1980"
"東太陽SPA溫泉會館","台東縣 太麻里鄉金崙溫泉1之6號","2200"
"旺旺庭園咖啡民宿","台東縣 太麻里鄉大王村佳崙242號","1200"
"狀元樓商務旅店","台東縣 太麻里鄉太麻里街246號","800"
"環山雅築","台東縣 太麻里鄉大王村佳崙292號","1600"
"青山農場","台東縣 太麻里鄉大王村佳崙18鄰42號","1500"
"瑪法琉民宿","台東縣 太麻里鄉北太麻里北里村五鄰67-2號","1200"
"吉廬夫敢","台東縣 金峰鄉新興村1鄰8之1號","1200"
"彩泉海景民宿","台東縣 大武鄉大鳥村11鄰大鳥288之1號","2600"
"海的窩","台東縣 蘭嶼鄉野銀197號","1800"
"女人魚民宿","台東縣 蘭嶼鄉漁人27號","1200"
"熱帶魚民宿","台東縣 蘭嶼鄉香紅頭村漁人74-1號","2200"
"亞比亞民宿","台東縣 蘭嶼鄉野銀87號","700"
"青原民宿","台東縣 蘭嶼鄉紅頭村31-7號","1600"
"蘭嶼月台民宿","台東縣 蘭嶼鄉漁人44號","2100"
"腳踏車旅店","屏東縣 屏東市墾丁路131之2號","2500"
"樹屋民宿","屏東縣 鹽埔鄉久愛村完成路16號","1500"
"長治松香農莊","屏東縣 長治鄉復興村新興路57巷30號","1000"
"依水園","屏東縣 麟洛鄉田中村中正路永安巷6號","1300"
"晏窩民宿","屏東縣 內埔鄉東寧村北寧路二段一巷39之1號","3500"
"夏慕里11號","屏東縣 潮州鎮愛國路100巷11號","1600"
"達伶的家民宿","屏東縣 萬巒鄉萬金村12鄰營區路1巷8號","2400"
"發現號","屏東縣 林邊鄉崎峰村裕後路90號","1800"
"禾田旅宿","屏東縣 東港鎮嘉新一街352號","2000"
"福灣莊園","屏東縣 東港鎮大鵬路100號","3300"
"東港愛樂遊","屏東縣 東港鎮環美六街55號","1680"
"檸檬屋民宿","屏東縣 東港鎮嘉新二街6號","1600"
"東港多多","屏東縣 東港鎮大東路327號","800"
"華僑的家","屏東縣 東港鎮朝安里新生一路8號","1000"
"東港海風民宿","屏東縣 東港鎮嘉新一街370號","1600"
"東港許願宿","屏東縣 東港鎮新勝里新基街109巷6號","1900"
"留下旅舍","屏東縣 東港鎮船頭路24-78號","450"
"綠芳民宿","屏東縣 東港鎮博愛街298號3樓","2500"
"HERA赫拉民宿","屏東縣 東港鎮明禮路342號","1980"
"怡然雅居城堡","屏東縣 東港鎮興東里明禮路312號","1880"
"東港6號","屏東縣 東港鎮興東里5鄰興東二街20巷6號","1900"
"東港樂遊趣民宿","屏東縣 東港鎮中正路2段462號","1800"
"悠悠雅築","屏東縣 東港鎮新勝街206號","1900"
"山樵水居","屏東縣 東港鎮沿海路157號","2800"
"海景三合院特色民宿","屏東縣 琉球鄉杉福村9鄰復興路53號","2100"
"艾哇民宿","屏東縣 琉球鄉民生路81號","1600"
"南國海岸","屏東縣 琉球鄉杉福村肚仔坪路8號","3600"
"八村Villa館","屏東縣 琉球鄉復興路161-10號","3800"
"17幸福民宿","屏東縣 琉球鄉中福村本漁路108號","1800"
"大海的家","屏東縣 琉球鄉三民路182號","4400"
"琉球929","屏東縣 琉球鄉三民路1之5號","1800"
"黑皮民宿","屏東縣 琉球鄉中福村觀光港路37之2號","1200"
"彼空映旅宿","屏東縣 琉球鄉復興路169之61號","3200"
"杉板灣","屏東縣 琉球鄉肚仔坪路2號","3000"
"首瓦設計民宿","屏東縣 琉球鄉中山路一巷50之2號","5000"
"好喝ㄟ特色民宿","屏東縣 琉球鄉本福村巷中山路176號","3200"
"相思埔民宿","屏東縣 琉球鄉上杉路31巷7號","1700"
"夢想家","屏東縣 琉球鄉三民路39之1號","3600"
"泰美風情","屏東縣 琉球鄉漁福村三民路129之6號","3800"
"南方休閒民宿","屏東縣 琉球鄉中福村三民路235號","1400"
"雲海居觀景民宿","屏東縣 琉球鄉杉福村肚仔坪6號","2200"
"賢濱山莊特色民宿","屏東縣 琉球鄉三民路206-1號","1600"
"星沙民宿","屏東縣 琉球鄉本福村中山路173-1號","1700"
"水晶民宿","屏東縣 琉球鄉中福村三民路294號","2000"
"小琉球船屋特色民宿","屏東縣 琉球鄉本福村中山路224號","2660"
"大峰民宿","屏東縣 琉球鄉中福村1鄰三民路288之3號","2300"
"海之方圓旅店","屏東縣 枋寮鄉隆山村隆山路85號","890"
"沿海45","屏東縣 枋寮鄉沿海路45號","1200"
"聯發山海民宿","屏東縣 枋山鄉枋山村中山路4段39號","600"
"H會館","屏東縣 獅子鄉竹坑村竹坑巷60號","8360"
"牡丹民宿山莊","屏東縣 牡丹鄉石門村石門路1-8號","1000"
"茴香戀戀","屏東縣 牡丹鄉石門村大梅路1-16號","2520"
